Date,Product,Region,Sales_Units,Price_USD,Marketing_Spend_USD,Promotion,Inventory_Units,Day_of_Week
2019-01-01,Synthetic_Pharma_Product_A,South,1024,40.07,15613.84,0,18846,Tuesday
2019-01-02,Synthetic_Pharma_Product_A,West,1380,39.65,14432.07,1,18061,Wednesday
2019-01-03,Synthetic_Pharma_Product_A,South,1254,41.91,17518.36,0,18421,Thursday
2019-01-04,Synthetic_Pharma_Product_A,North,972,46.1,13341.41,0,21294,Friday
2019-01-05,Synthetic_Pharma_Product_A,East,675,43.9,15508.58,0,15484,Saturday
2019-01-06,Synthetic_Pharma_Product_A,West,1006,40.7,12609.55,0,20850,Sunday
2019-01-07,Synthetic_Pharma_Product_A,West,1282,44.7,26841.26,0,21293,Monday
2019-01-08,Synthetic_Pharma_Product_A,North,1606,34.0,18158.69,1,18505,Tuesday
2019-01-09,Synthetic_Pharma_Product_A,East,1187,46.02,14851.24,0,12695,Wednesday
2019-01-10,Synthetic_Pharma_Product_A,North,1207,35.91,18962.91,0,16480,Thursday
2019-01-11,Synthetic_Pharma_Product_A,North,1278,40.73,17494.52,0,21242,Friday
2019-01-12,Synthetic_Pharma_Product_A,West,1411,38.08,17005.64,1,18743,Saturday
2019-01-13,Synthetic_Pharma_Product_A,North,1160,37.47,20763.75,1,16302,Sunday
2019-01-14,Synthetic_Pharma_Product_A,South,1185,46.06,21408.78,0,16738,Monday
2019-01-15,Synthetic_Pharma_Product_A,North,1139,40.36,15612.74,0,20102,Tuesday
2019-01-16,Synthetic_Pharma_Product_A,West,1126,43.21,15408.82,0,19367,Wednesday
2019-01-17,Synthetic_Pharma_Product_A,West,1224,41.84,16762.27,0,17403,Thursday
2019-01-18,Synthetic_Pharma_Product_A,East,973,43.67,8000.0,0,17083,Friday
2019-01-19,Synthetic_Pharma_Product_A,West,895,42.27,11181.64,0,17021,Saturday
2019-01-20,Synthetic_Pharma_Product_A,North,1238,37.51,24150.93,0,15694,Sunday
2019-01-21,Synthetic_Pharma_Product_A,South,1118,45.49,25402.35,0,22038,Monday
2019-01-22,Synthetic_Pharma_Product_A,South,1116,40.27,16879.34,0,17194,Tuesday
2019-01-23,Synthetic_Pharma_Product_A,North,1453,36.55,20594.51,0,21043,Wednesday
2019-01-24,Synthetic_Pharma_Product_A,South,1148,40.5,19400.63,0,21803,Thursday
2019-01-25,Synthetic_Pharma_Product_A,West,1342,47.25,30000.0,0,20496,Friday
2019-01-26,Synthetic_Pharma_Product_A,North,1134,44.98,23038.09,0,16921,Saturday
2019-01-27,Synthetic_Pharma_Product_A,South,908,40.78,17424.37,0,19009,Sunday
2019-01-28,Synthetic_Pharma_Product_A,North,1120,40.78,13700.07,0,17940,Monday
2019-01-29,Synthetic_Pharma_Product_A,North,1282,40.87,10770.99,0,15741,Tuesday
2019-01-30,Synthetic_Pharma_Product_A,West,981,49.27,18915.59,0,18811,Wednesday
2019-01-31,Synthetic_Pharma_Product_A,South,1111,43.34,14596.42,0,15052,Thursday
2019-02-01,Synthetic_Pharma_Product_A,South,1168,43.51,11599.86,0,20969,Friday
2019-02-02,Synthetic_Pharma_Product_A,West,1077,45.61,15090.42,0,16838,Saturday
2019-02-03,Synthetic_Pharma_Product_A,North,1156,42.84,13133.03,1,19303,Sunday
2019-02-04,Synthetic_Pharma_Product_A,South,1546,41.09,25592.14,1,19508,Monday
2019-02-05,Synthetic_Pharma_Product_A,South,1489,41.31,21967.38,0,17353,Tuesday
2019-02-06,Synthetic_Pharma_Product_A,East,1455,41.75,17964.12,0,19467,Wednesday
2019-02-07,Synthetic_Pharma_Product_A,West,1474,41.87,24659.75,0,16813,Thursday
2019-02-08,Synthetic_Pharma_Product_A,West,1222,44.55,18348.16,0,20178,Friday
2019-02-09,Synthetic_Pharma_Product_A,South,971,42.18,14124.22,0,14635,Saturday
2019-02-10,Synthetic_Pharma_Product_A,West,1063,44.56,24854.06,0,18316,Sunday
2019-02-11,Synthetic_Pharma_Product_A,North,1375,41.72,20425.1,0,22847,Monday
2019-02-12,Synthetic_Pharma_Product_A,North,1245,42.28,13332.39,0,15499,Tuesday
2019-02-13,Synthetic_Pharma_Product_A,North,1807,35.01,17143.48,1,17106,Wednesday
2019-02-14,Synthetic_Pharma_Product_A,South,1223,45.21,14059.72,0,19285,Thursday
2019-02-15,Synthetic_Pharma_Product_A,East,998,43.21,11777.4,0,18449,Friday
2019-02-16,Synthetic_Pharma_Product_A,East,1232,45.49,22167.8,0,18877,Saturday
2019-02-17,Synthetic_Pharma_Product_A,West,1324,34.0,26592.37,0,19223,Sunday
2019-02-18,Synthetic_Pharma_Product_A,South,997,49.31,11706.45,0,19587,Monday
2019-02-19,Synthetic_Pharma_Product_A,South,1376,41.51,20533.36,0,20774,Tuesday
2019-02-20,Synthetic_Pharma_Product_A,North,1573,45.88,15072.11,1,19825,Wednesday
2019-02-21,Synthetic_Pharma_Product_A,North,1694,38.36,15807.94,0,17397,Thursday
2019-02-22,Synthetic_Pharma_Product_A,East,1477,44.14,15334.23,1,20481,Friday
2019-02-23,Synthetic_Pharma_Product_A,South,1338,38.31,14112.04,1,23550,Saturday
2019-02-24,Synthetic_Pharma_Product_A,West,1261,39.82,18218.35,0,17668,Sunday
2019-02-25,Synthetic_Pharma_Product_A,North,1379,48.7,14260.72,1,16364,Monday
2019-02-26,Synthetic_Pharma_Product_A,North,1318,41.33,19217.06,0,20768,Tuesday
2019-02-27,Synthetic_Pharma_Product_A,South,1496,42.76,17773.93,0,17699,Wednesday
2019-02-28,Synthetic_Pharma_Product_A,North,1260,45.05,16924.73,0,12568,Thursday
2019-03-01,Synthetic_Pharma_Product_A,North,1276,43.73,13915.96,0,20119,Friday
2019-03-02,Synthetic_Pharma_Product_A,East,1195,42.53,15404.53,0,16662,Saturday
2019-03-03,Synthetic_Pharma_Product_A,North,1238,43.28,21399.26,0,17774,Sunday
2019-03-04,Synthetic_Pharma_Product_A,East,1454,50.0,20254.13,1,19630,Monday
2019-03-05,Synthetic_Pharma_Product_A,South,1203,41.8,13601.0,0,18476,Tuesday
2019-03-06,Synthetic_Pharma_Product_A,North,1269,42.7,18447.0,0,19774,Wednesday
2019-03-07,Synthetic_Pharma_Product_A,South,1184,45.68,21381.24,0,16911,Thursday
2019-03-08,Synthetic_Pharma_Product_A,West,1187,45.87,10487.68,0,19283,Friday
2019-03-09,Synthetic_Pharma_Product_A,South,1216,46.15,20445.12,0,17351,Saturday
2019-03-10,Synthetic_Pharma_Product_A,West,1151,44.24,15018.19,0,19847,Sunday
2019-03-11,Synthetic_Pharma_Product_A,North,1919,38.0,20567.69,1,20338,Monday
2019-03-12,Synthetic_Pharma_Product_A,West,1166,47.72,14565.33,0,15661,Tuesday
2019-03-13,Synthetic_Pharma_Product_A,North,1388,37.99,9878.03,0,20715,Wednesday
2019-03-14,Synthetic_Pharma_Product_A,East,1098,43.06,10676.06,0,16660,Thursday
2019-03-15,Synthetic_Pharma_Product_A,East,1390,39.36,18216.38,0,20020,Friday
2019-03-16,Synthetic_Pharma_Product_A,West,1301,41.78,19168.75,0,18918,Saturday
2019-03-17,Synthetic_Pharma_Product_A,South,1216,43.15,13930.58,0,22595,Sunday
2019-03-18,Synthetic_Pharma_Product_A,North,1358,43.12,20873.67,0,17441,Monday
2019-03-19,Synthetic_Pharma_Product_A,North,1210,43.48,10523.16,0,17127,Tuesday
2019-03-20,Synthetic_Pharma_Product_A,West,1066,47.65,17702.64,0,17951,Wednesday
2019-03-21,Synthetic_Pharma_Product_A,East,1213,43.59,12550.43,0,17242,Thursday
2019-03-22,Synthetic_Pharma_Product_A,West,1668,41.15,15066.74,1,20800,Friday
2019-03-23,Synthetic_Pharma_Product_A,North,1211,45.37,18213.29,0,13959,Saturday
2019-03-24,Synthetic_Pharma_Product_A,South,1132,46.16,14128.14,0,15366,Sunday
2019-03-25,Synthetic_Pharma_Product_A,North,1471,37.7,16269.5,0,15330,Monday
2019-03-26,Synthetic_Pharma_Product_A,West,1413,44.09,22528.32,0,20376,Tuesday
2019-03-27,Synthetic_Pharma_Product_A,East,1219,44.45,15403.99,0,22277,Wednesday
2019-03-28,Synthetic_Pharma_Product_A,West,1564,40.96,21760.61,0,17739,Thursday
2019-03-29,Synthetic_Pharma_Product_A,South,1246,46.81,12916.32,0,17578,Friday
2019-03-30,Synthetic_Pharma_Product_A,East,1539,41.47,20384.12,1,18975,Saturday
2019-03-31,Synthetic_Pharma_Product_A,East,1263,42.44,24487.06,0,20905,Sunday
2019-04-01,Synthetic_Pharma_Product_A,South,1013,41.39,8000.0,0,15682,Monday
2019-04-02,Synthetic_Pharma_Product_A,West,1467,42.05,14413.97,0,18596,Tuesday
2019-04-03,Synthetic_Pharma_Product_A,West,1501,38.16,20596.82,0,20438,Wednesday
2019-04-04,Synthetic_Pharma_Product_A,West,1428,36.96,17086.3,0,19253,Thursday
2019-04-05,Synthetic_Pharma_Product_A,East,1375,47.58,19670.16,0,18474,Friday
2019-04-06,Synthetic_Pharma_Product_A,South,1227,39.04,15282.07,0,20503,Saturday
2019-04-07,Synthetic_Pharma_Product_A,South,1449,38.53,18389.65,0,11242,Sunday
2019-04-08,Synthetic_Pharma_Product_A,West,1667,34.46,17299.45,0,19695,Monday
2019-04-09,Synthetic_Pharma_Product_A,North,1649,39.76,23255.02,0,16365,Tuesday
2019-04-10,Synthetic_Pharma_Product_A,East,1414,37.37,19144.89,0,13423,Wednesday
2019-04-11,Synthetic_Pharma_Product_A,East,1436,47.75,19519.21,0,19278,Thursday
2019-04-12,Synthetic_Pharma_Product_A,East,1337,45.53,16146.55,0,21434,Friday
2019-04-13,Synthetic_Pharma_Product_A,West,1238,39.59,15805.77,0,17656,Saturday
2019-04-14,Synthetic_Pharma_Product_A,South,1073,49.88,16053.49,0,20382,Sunday
2019-04-15,Synthetic_Pharma_Product_A,South,1399,45.44,19775.03,1,22831,Monday
2019-04-16,Synthetic_Pharma_Product_A,North,1477,40.86,16105.57,0,21287,Tuesday
2019-04-17,Synthetic_Pharma_Product_A,South,1557,34.0,19303.99,0,22100,Wednesday
2019-04-18,Synthetic_Pharma_Product_A,South,1223,50.0,27339.3,0,19855,Thursday
2019-04-19,Synthetic_Pharma_Product_A,South,1474,37.14,21920.06,0,18189,Friday
2019-04-20,Synthetic_Pharma_Product_A,West,1499,36.24,16532.89,0,13995,Saturday
2019-04-21,Synthetic_Pharma_Product_A,West,1198,45.58,23405.46,0,17385,Sunday
2019-04-22,Synthetic_Pharma_Product_A,North,1381,50.0,16163.66,0,15892,Monday
2019-04-23,Synthetic_Pharma_Product_A,South,1306,46.84,8828.44,1,24000,Tuesday
2019-04-24,Synthetic_Pharma_Product_A,West,1134,43.97,13463.61,0,17560,Wednesday
2019-04-25,Synthetic_Pharma_Product_A,North,1133,44.08,9581.44,0,18308,Thursday
2019-04-26,Synthetic_Pharma_Product_A,North,1701,44.99,16418.19,1,20179,Friday
2019-04-27,Synthetic_Pharma_Product_A,North,1203,44.66,18082.88,0,18109,Saturday
2019-04-28,Synthetic_Pharma_Product_A,East,1313,42.98,25543.97,0,22238,Sunday
2019-04-29,Synthetic_Pharma_Product_A,North,1727,42.36,19471.17,1,17243,Monday
2019-04-30,Synthetic_Pharma_Product_A,West,1502,41.78,17014.05,0,18487,Tuesday
2019-05-01,Synthetic_Pharma_Product_A,South,1721,39.36,21732.33,0,16144,Wednesday
2019-05-02,Synthetic_Pharma_Product_A,South,1678,41.02,8049.89,1,15500,Thursday
2019-05-03,Synthetic_Pharma_Product_A,North,1599,36.07,19060.27,0,16471,Friday
2019-05-04,Synthetic_Pharma_Product_A,South,1205,41.66,21468.89,0,17907,Saturday
2019-05-05,Synthetic_Pharma_Product_A,East,1214,38.54,11346.36,0,16927,Sunday
2019-05-06,Synthetic_Pharma_Product_A,West,1694,38.14,23146.89,0,16269,Monday
2019-05-07,Synthetic_Pharma_Product_A,West,1372,42.63,19523.23,0,14484,Tuesday
2019-05-08,Synthetic_Pharma_Product_A,East,1415,46.87,16131.2,1,18592,Wednesday
2019-05-09,Synthetic_Pharma_Product_A,West,1471,45.21,20847.52,0,14238,Thursday
2019-05-10,Synthetic_Pharma_Product_A,West,1809,36.5,28218.12,0,19900,Friday
2019-05-11,Synthetic_Pharma_Product_A,West,1393,38.54,18818.4,0,18206,Saturday
2019-05-12,Synthetic_Pharma_Product_A,North,1153,45.29,19116.99,0,14356,Sunday
2019-05-13,Synthetic_Pharma_Product_A,North,1501,38.56,15932.88,0,17227,Monday
2019-05-14,Synthetic_Pharma_Product_A,North,1325,41.21,14175.7,0,16120,Tuesday
2019-05-15,Synthetic_Pharma_Product_A,East,1825,43.93,21736.51,1,19598,Wednesday
2019-05-16,Synthetic_Pharma_Product_A,South,1608,38.61,14147.62,0,21351,Thursday
2019-05-17,Synthetic_Pharma_Product_A,South,1271,42.37,18322.05,0,13312,Friday
2019-05-18,Synthetic_Pharma_Product_A,West,1271,37.33,15850.54,0,18288,Saturday
2019-05-19,Synthetic_Pharma_Product_A,West,1221,39.9,20155.41,0,17600,Sunday
2019-05-20,Synthetic_Pharma_Product_A,West,1642,43.12,19501.48,1,20478,Monday
2019-05-21,Synthetic_Pharma_Product_A,South,1987,36.42,22668.93,1,19333,Tuesday
2019-05-22,Synthetic_Pharma_Product_A,East,1242,43.54,15704.93,0,16120,Wednesday
2019-05-23,Synthetic_Pharma_Product_A,South,1361,41.93,16785.56,0,17202,Thursday
2019-05-24,Synthetic_Pharma_Product_A,North,1245,43.93,13595.56,0,16010,Friday
2019-05-25,Synthetic_Pharma_Product_A,North,1279,42.78,16000.68,0,20690,Saturday
2019-05-26,Synthetic_Pharma_Product_A,South,1226,46.77,19697.85,0,18053,Sunday
2019-05-27,Synthetic_Pharma_Product_A,South,1454,42.44,21406.45,0,22753,Monday
2019-05-28,Synthetic_Pharma_Product_A,West,1469,40.5,13850.26,0,17848,Tuesday
2019-05-29,Synthetic_Pharma_Product_A,North,1484,42.43,21913.23,0,16229,Wednesday
2019-05-30,Synthetic_Pharma_Product_A,East,1511,43.9,24100.37,0,14216,Thursday
2019-05-31,Synthetic_Pharma_Product_A,East,1942,42.17,19860.46,1,14292,Friday
2019-06-01,Synthetic_Pharma_Product_A,South,1585,42.14,26445.58,0,14040,Saturday
2019-06-02,Synthetic_Pharma_Product_A,South,1166,39.54,14517.95,0,18668,Sunday
2019-06-03,Synthetic_Pharma_Product_A,South,1536,39.68,12399.05,0,19272,Monday
2019-06-04,Synthetic_Pharma_Product_A,East,1786,37.09,9995.76,1,14847,Tuesday
2019-06-05,Synthetic_Pharma_Product_A,South,1306,48.12,24732.2,0,20238,Wednesday
2019-06-06,Synthetic_Pharma_Product_A,North,1752,37.65,20944.65,0,16792,Thursday
2019-06-07,Synthetic_Pharma_Product_A,North,1718,39.57,17749.87,0,18367,Friday
2019-06-08,Synthetic_Pharma_Product_A,East,1267,39.49,19259.86,0,22031,Saturday
2019-06-09,Synthetic_Pharma_Product_A,West,1060,45.13,12935.3,0,20242,Sunday
2019-06-10,Synthetic_Pharma_Product_A,South,1830,40.97,29005.88,0,17329,Monday
2019-06-11,Synthetic_Pharma_Product_A,East,1412,46.37,18581.5,0,15772,Tuesday
2019-06-12,Synthetic_Pharma_Product_A,East,1622,39.64,18492.28,0,12620,Wednesday
2019-06-13,Synthetic_Pharma_Product_A,West,1558,42.98,21265.95,0,16202,Thursday
2019-06-14,Synthetic_Pharma_Product_A,West,1651,39.08,20164.54,0,17472,Friday
2019-06-15,Synthetic_Pharma_Product_A,East,1186,49.51,19007.48,1,16332,Saturday
2019-06-16,Synthetic_Pharma_Product_A,East,1463,37.84,14442.86,0,17672,Sunday
2019-06-17,Synthetic_Pharma_Product_A,West,1626,43.08,20121.61,0,18192,Monday
2019-06-18,Synthetic_Pharma_Product_A,South,1550,44.22,26469.11,0,17438,Tuesday
2019-06-19,Synthetic_Pharma_Product_A,South,1551,43.45,24054.39,0,16375,Wednesday
2019-06-20,Synthetic_Pharma_Product_A,North,1468,41.35,25169.34,0,18422,Thursday
2019-06-21,Synthetic_Pharma_Product_A,West,1516,41.55,15699.53,0,19105,Friday
2019-06-22,Synthetic_Pharma_Product_A,West,1299,42.15,13546.78,0,15274,Saturday
2019-06-23,Synthetic_Pharma_Product_A,North,1306,41.49,17433.96,0,21527,Sunday
2019-06-24,Synthetic_Pharma_Product_A,East,1526,45.37,18250.76,0,17754,Monday
2019-06-25,Synthetic_Pharma_Product_A,South,1321,49.74,22923.86,0,18047,Tuesday
2019-06-26,Synthetic_Pharma_Product_A,North,1461,40.05,10383.91,0,19771,Wednesday
2019-06-27,Synthetic_Pharma_Product_A,West,1637,37.21,24882.98,0,18583,Thursday
2019-06-28,Synthetic_Pharma_Product_A,North,1717,41.69,17288.96,1,21183,Friday
2019-06-29,Synthetic_Pharma_Product_A,North,1076,50.0,16079.04,0,18718,Saturday
2019-06-30,Synthetic_Pharma_Product_A,East,1323,39.19,13445.53,0,16469,Sunday
2019-07-01,Synthetic_Pharma_Product_A,East,1173,47.74,10553.14,0,18904,Monday
2019-07-02,Synthetic_Pharma_Product_A,North,1596,47.87,21704.27,1,15941,Tuesday
2019-07-03,Synthetic_Pharma_Product_A,East,1880,40.06,18329.93,1,19071,Wednesday
2019-07-04,Synthetic_Pharma_Product_A,East,1284,43.99,12195.18,0,17917,Thursday
2019-07-05,Synthetic_Pharma_Product_A,North,1062,47.7,12172.15,0,17480,Friday
2019-07-06,Synthetic_Pharma_Product_A,North,1505,40.67,16488.97,0,17679,Saturday
2019-07-07,Synthetic_Pharma_Product_A,East,1593,41.29,25510.6,0,13295,Sunday
2019-07-08,Synthetic_Pharma_Product_A,South,1373,39.96,16831.84,0,16628,Monday
2019-07-09,Synthetic_Pharma_Product_A,West,1524,38.45,11235.86,0,18232,Tuesday
2019-07-10,Synthetic_Pharma_Product_A,West,1466,39.73,16894.16,0,18400,Wednesday
2019-07-11,Synthetic_Pharma_Product_A,West,1852,37.72,16772.74,1,16231,Thursday
2019-07-12,Synthetic_Pharma_Product_A,North,1540,42.12,8000.0,1,21964,Friday
2019-07-13,Synthetic_Pharma_Product_A,West,1335,39.31,17755.67,0,15835,Saturday
2019-07-14,Synthetic_Pharma_Product_A,South,1180,42.82,16960.79,0,20424,Sunday
2019-07-15,Synthetic_Pharma_Product_A,South,1608,36.55,21132.93,0,19068,Monday
2019-07-16,Synthetic_Pharma_Product_A,North,1491,43.16,26320.3,0,16384,Tuesday
2019-07-17,Synthetic_Pharma_Product_A,North,1632,44.92,23069.54,1,23238,Wednesday
2019-07-18,Synthetic_Pharma_Product_A,East,1892,35.02,16790.0,1,15816,Thursday
2019-07-19,Synthetic_Pharma_Product_A,South,1276,43.31,13020.63,0,20298,Friday
2019-07-20,Synthetic_Pharma_Product_A,North,1440,46.3,29580.12,0,20501,Saturday
2019-07-21,Synthetic_Pharma_Product_A,East,1564,37.77,18266.48,0,16323,Sunday
2019-07-22,Synthetic_Pharma_Product_A,North,1256,47.85,18062.68,0,21481,Monday
2019-07-23,Synthetic_Pharma_Product_A,East,1688,43.47,17891.44,1,18175,Tuesday
2019-07-24,Synthetic_Pharma_Product_A,South,1609,39.53,18891.38,0,18722,Wednesday
2019-07-25,Synthetic_Pharma_Product_A,West,1517,41.8,17350.38,0,18651,Thursday
2019-07-26,Synthetic_Pharma_Product_A,West,1384,43.95,15418.52,0,17664,Friday
2019-07-27,Synthetic_Pharma_Product_A,South,1331,42.27,15539.13,0,20027,Saturday
2019-07-28,Synthetic_Pharma_Product_A,South,1300,43.89,17852.61,0,19984,Sunday
2019-07-29,Synthetic_Pharma_Product_A,South,1372,38.78,15554.59,0,13629,Monday
2019-07-30,Synthetic_Pharma_Product_A,West,1492,42.59,14792.19,0,21261,Tuesday
2019-07-31,Synthetic_Pharma_Product_A,South,1704,37.05,18478.94,0,13844,Wednesday
2019-08-01,Synthetic_Pharma_Product_A,North,1372,41.61,16852.6,0,20581,Thursday
2019-08-02,Synthetic_Pharma_Product_A,North,1679,38.84,24767.97,0,20817,Friday
2019-08-03,Synthetic_Pharma_Product_A,South,1262,39.43,8000.0,0,15273,Saturday
2019-08-04,Synthetic_Pharma_Product_A,South,1236,46.33,22911.78,0,16973,Sunday
2019-08-05,Synthetic_Pharma_Product_A,West,1573,45.82,23607.38,0,15236,Monday
2019-08-06,Synthetic_Pharma_Product_A,North,1509,44.13,8669.74,0,17463,Tuesday
2019-08-07,Synthetic_Pharma_Product_A,South,1447,38.18,16457.91,0,17230,Wednesday
2019-08-08,Synthetic_Pharma_Product_A,West,1542,40.89,16328.52,1,20749,Thursday
2019-08-09,Synthetic_Pharma_Product_A,West,1280,46.25,11666.2,0,21276,Friday
2019-08-10,Synthetic_Pharma_Product_A,South,1299,42.5,14499.82,0,21489,Saturday
2019-08-11,Synthetic_Pharma_Product_A,South,1008,50.0,13002.41,0,16595,Sunday
2019-08-12,Synthetic_Pharma_Product_A,South,1717,43.38,25885.22,0,17477,Monday
2019-08-13,Synthetic_Pharma_Product_A,West,1365,42.67,22210.55,0,13791,Tuesday
2019-08-14,Synthetic_Pharma_Product_A,North,1663,40.92,23722.0,0,15985,Wednesday
2019-08-15,Synthetic_Pharma_Product_A,West,1673,42.47,21247.52,1,21212,Thursday
2019-08-16,Synthetic_Pharma_Product_A,East,1568,41.47,12919.27,0,22039,Friday
2019-08-17,Synthetic_Pharma_Product_A,East,1597,44.48,15639.66,1,15714,Saturday
2019-08-18,Synthetic_Pharma_Product_A,North,1150,45.35,20202.19,0,16519,Sunday
2019-08-19,Synthetic_Pharma_Product_A,South,1363,39.25,12500.42,0,17934,Monday
2019-08-20,Synthetic_Pharma_Product_A,South,1729,37.34,21208.49,0,18700,Tuesday
2019-08-21,Synthetic_Pharma_Product_A,North,1555,35.57,16918.54,0,15976,Wednesday
2019-08-22,Synthetic_Pharma_Product_A,East,1371,43.78,16313.31,0,19060,Thursday
2019-08-23,Synthetic_Pharma_Product_A,West,1613,38.14,21199.32,0,16815,Friday
2019-08-24,Synthetic_Pharma_Product_A,East,1271,34.46,19999.18,0,17964,Saturday
2019-08-25,Synthetic_Pharma_Product_A,East,1218,43.36,16375.65,0,19366,Sunday
2019-08-26,Synthetic_Pharma_Product_A,North,1242,50.0,23216.98,0,18016,Monday
2019-08-27,Synthetic_Pharma_Product_A,South,1309,41.98,13135.22,0,16909,Tuesday
2019-08-28,Synthetic_Pharma_Product_A,North,1575,44.93,20771.71,0,17726,Wednesday
2019-08-29,Synthetic_Pharma_Product_A,East,1584,42.29,20668.96,1,18579,Thursday
2019-08-30,Synthetic_Pharma_Product_A,West,1748,41.65,16607.04,1,17875,Friday
2019-08-31,Synthetic_Pharma_Product_A,East,1384,45.22,19467.6,1,18153,Saturday
2019-09-01,Synthetic_Pharma_Product_A,North,1176,40.98,12369.99,0,21997,Sunday
2019-09-02,Synthetic_Pharma_Product_A,South,1577,42.94,22158.12,0,19402,Monday
2019-09-03,Synthetic_Pharma_Product_A,East,1661,43.13,17167.94,1,18061,Tuesday
2019-09-04,Synthetic_Pharma_Product_A,South,1523,39.66,15647.75,0,19742,Wednesday
2019-09-05,Synthetic_Pharma_Product_A,West,1764,45.47,22720.54,1,17965,Thursday
2019-09-06,Synthetic_Pharma_Product_A,West,1589,41.39,14830.45,1,21733,Friday
2019-09-07,Synthetic_Pharma_Product_A,East,1356,39.35,11661.92,1,19724,Saturday
2019-09-08,Synthetic_Pharma_Product_A,South,1002,43.88,10995.17,0,17732,Sunday
2019-09-09,Synthetic_Pharma_Product_A,North,1480,38.86,20727.04,0,19119,Monday
2019-09-10,Synthetic_Pharma_Product_A,North,1876,42.1,12238.07,1,14873,Tuesday
2019-09-11,Synthetic_Pharma_Product_A,South,1714,41.97,25896.57,0,15183,Wednesday
2019-09-12,Synthetic_Pharma_Product_A,South,1041,45.8,8631.32,0,15015,Thursday
2019-09-13,Synthetic_Pharma_Product_A,East,1378,43.66,25634.05,0,18357,Friday
2019-09-14,Synthetic_Pharma_Product_A,East,1540,41.91,18949.58,1,23131,Saturday
2019-09-15,Synthetic_Pharma_Product_A,North,1254,44.86,17564.79,0,23578,Sunday
2019-09-16,Synthetic_Pharma_Product_A,South,1334,46.87,15547.86,0,19595,Monday
2019-09-17,Synthetic_Pharma_Product_A,North,1389,43.95,19796.11,0,19252,Tuesday
2019-09-18,Synthetic_Pharma_Product_A,North,1419,42.04,17830.64,0,13497,Wednesday
2019-09-19,Synthetic_Pharma_Product_A,West,1948,37.41,22964.86,1,17443,Thursday
2019-09-20,Synthetic_Pharma_Product_A,North,1551,38.27,18514.02,0,16031,Friday
2019-09-21,Synthetic_Pharma_Product_A,South,1055,40.93,18676.36,0,16448,Saturday
2019-09-22,Synthetic_Pharma_Product_A,North,1467,39.87,16363.75,1,18380,Sunday
2019-09-23,Synthetic_Pharma_Product_A,West,1355,41.35,17743.74,0,16820,Monday
2019-09-24,Synthetic_Pharma_Product_A,East,1474,42.2,19385.11,0,13052,Tuesday
2019-09-25,Synthetic_Pharma_Product_A,North,1588,43.85,10304.24,0,19870,Wednesday
2019-09-26,Synthetic_Pharma_Product_A,South,1377,41.75,11933.17,0,15318,Thursday
2019-09-27,Synthetic_Pharma_Product_A,East,1414,43.7,21344.69,0,18598,Friday
2019-09-28,Synthetic_Pharma_Product_A,West,1372,42.23,18768.89,0,23185,Saturday
2019-09-29,Synthetic_Pharma_Product_A,North,1459,35.09,17172.07,0,15702,Sunday
2019-09-30,Synthetic_Pharma_Product_A,West,1812,38.71,18082.95,1,12474,Monday
2019-10-01,Synthetic_Pharma_Product_A,West,1779,41.5,19564.12,1,18085,Tuesday
2019-10-02,Synthetic_Pharma_Product_A,West,1726,37.77,15571.08,0,20752,Wednesday
2019-10-03,Synthetic_Pharma_Product_A,East,1200,44.1,14497.63,0,22896,Thursday
2019-10-04,Synthetic_Pharma_Product_A,East,1365,47.36,18881.3,0,14926,Friday
2019-10-05,Synthetic_Pharma_Product_A,South,1004,46.27,13597.32,0,19242,Saturday
2019-10-06,Synthetic_Pharma_Product_A,West,1371,41.25,19837.14,0,16837,Sunday
2019-10-07,Synthetic_Pharma_Product_A,East,1082,47.22,10338.37,0,17735,Monday
2019-10-08,Synthetic_Pharma_Product_A,East,1698,42.52,22631.2,1,24000,Tuesday
2019-10-09,Synthetic_Pharma_Product_A,South,1474,40.82,20126.69,0,14243,Wednesday
2019-10-10,Synthetic_Pharma_Product_A,East,1622,39.85,19152.13,0,18634,Thursday
2019-10-11,Synthetic_Pharma_Product_A,West,1645,40.94,22422.11,0,19169,Friday
2019-10-12,Synthetic_Pharma_Product_A,North,1277,40.64,25494.64,0,20714,Saturday
2019-10-13,Synthetic_Pharma_Product_A,West,1328,42.6,22564.67,0,18245,Sunday
2019-10-14,Synthetic_Pharma_Product_A,East,1206,42.56,9716.07,0,18770,Monday
2019-10-15,Synthetic_Pharma_Product_A,West,1202,42.01,12241.9,0,17021,Tuesday
2019-10-16,Synthetic_Pharma_Product_A,South,1331,43.53,15188.32,0,18673,Wednesday
2019-10-17,Synthetic_Pharma_Product_A,South,1302,46.17,18117.41,0,17142,Thursday
2019-10-18,Synthetic_Pharma_Product_A,West,1662,45.32,20329.47,0,19554,Friday
2019-10-19,Synthetic_Pharma_Product_A,North,1382,36.8,14734.15,0,17076,Saturday
2019-10-20,Synthetic_Pharma_Product_A,West,1551,34.0,18840.45,1,19743,Sunday
2019-10-21,Synthetic_Pharma_Product_A,South,1243,45.27,14600.78,0,17927,Monday
2019-10-22,Synthetic_Pharma_Product_A,East,1630,37.22,15248.17,0,20815,Tuesday
2019-10-23,Synthetic_Pharma_Product_A,South,1585,41.21,11670.03,0,17872,Wednesday
2019-10-24,Synthetic_Pharma_Product_A,East,1302,37.9,13845.45,0,13567,Thursday
2019-10-25,Synthetic_Pharma_Product_A,South,1287,35.69,11917.42,0,21155,Friday
2019-10-26,Synthetic_Pharma_Product_A,North,1373,43.9,13608.57,0,15736,Saturday
2019-10-27,Synthetic_Pharma_Product_A,South,1328,44.66,22741.39,0,16366,Sunday
2019-10-28,Synthetic_Pharma_Product_A,North,1331,39.98,13727.71,0,16511,Monday
2019-10-29,Synthetic_Pharma_Product_A,West,1956,34.0,29845.72,0,21436,Tuesday
2019-10-30,Synthetic_Pharma_Product_A,West,1254,40.09,20219.93,0,12661,Wednesday
2019-10-31,Synthetic_Pharma_Product_A,South,1433,43.37,18831.76,0,24000,Thursday
2019-11-01,Synthetic_Pharma_Product_A,East,1553,36.82,14137.39,0,20640,Friday
2019-11-02,Synthetic_Pharma_Product_A,South,1628,42.64,21151.39,1,19358,Saturday
2019-11-03,Synthetic_Pharma_Product_A,East,1133,41.95,15409.63,0,17863,Sunday
2019-11-04,Synthetic_Pharma_Product_A,West,1425,44.03,18549.04,0,18714,Monday
2019-11-05,Synthetic_Pharma_Product_A,West,1549,42.42,29520.38,0,19303,Tuesday
2019-11-06,Synthetic_Pharma_Product_A,South,1572,38.59,17567.73,0,19613,Wednesday
2019-11-07,Synthetic_Pharma_Product_A,West,1340,46.19,23171.73,0,19389,Thursday
2019-11-08,Synthetic_Pharma_Product_A,South,1378,41.45,14835.71,0,18224,Friday
2019-11-09,Synthetic_Pharma_Product_A,West,1181,41.9,17842.55,0,17507,Saturday
2019-11-10,Synthetic_Pharma_Product_A,North,1810,38.73,25968.6,1,18422,Sunday
2019-11-11,Synthetic_Pharma_Product_A,East,1787,40.45,15178.65,1,18313,Monday
2019-11-12,Synthetic_Pharma_Product_A,East,1679,38.9,26156.02,0,20834,Tuesday
2019-11-13,Synthetic_Pharma_Product_A,East,1550,41.39,21184.88,0,19484,Wednesday
2019-11-14,Synthetic_Pharma_Product_A,North,1117,47.99,15468.9,0,11000,Thursday
2019-11-15,Synthetic_Pharma_Product_A,West,1625,37.2,20845.83,0,19640,Friday
2019-11-16,Synthetic_Pharma_Product_A,North,1502,36.35,22376.5,0,18487,Saturday
2019-11-17,Synthetic_Pharma_Product_A,East,1510,47.15,20798.14,0,17953,Sunday
2019-11-18,Synthetic_Pharma_Product_A,North,1251,41.27,10933.99,0,17029,Monday
2019-11-19,Synthetic_Pharma_Product_A,South,1646,39.66,14727.88,0,20810,Tuesday
2019-11-20,Synthetic_Pharma_Product_A,East,1479,45.64,16886.17,0,20369,Wednesday
2019-11-21,Synthetic_Pharma_Product_A,South,1814,39.88,17665.05,1,16868,Thursday
2019-11-22,Synthetic_Pharma_Product_A,North,1556,48.39,20793.02,0,19018,Friday
2019-11-23,Synthetic_Pharma_Product_A,North,1309,44.37,18799.65,0,15571,Saturday
2019-11-24,Synthetic_Pharma_Product_A,South,1299,40.29,11990.95,0,14551,Sunday
2019-11-25,Synthetic_Pharma_Product_A,West,1314,49.55,19710.89,0,16433,Monday
2019-11-26,Synthetic_Pharma_Product_A,West,1740,39.88,20747.64,0,20156,Tuesday
2019-11-27,Synthetic_Pharma_Product_A,North,1594,44.6,20519.06,0,20383,Wednesday
2019-11-28,Synthetic_Pharma_Product_A,South,1491,43.05,22863.51,0,19283,Thursday
2019-11-29,Synthetic_Pharma_Product_A,North,1298,46.56,21752.65,0,19813,Friday
2019-11-30,Synthetic_Pharma_Product_A,North,1203,47.47,20066.31,0,19290,Saturday
2019-12-01,Synthetic_Pharma_Product_A,East,1232,42.11,17684.25,0,16396,Sunday
2019-12-02,Synthetic_Pharma_Product_A,East,1433,39.36,10525.68,0,19080,Monday
2019-12-03,Synthetic_Pharma_Product_A,North,1880,43.61,19933.28,1,20801,Tuesday
2019-12-04,Synthetic_Pharma_Product_A,North,1547,39.63,18934.59,0,19886,Wednesday
2019-12-05,Synthetic_Pharma_Product_A,North,1341,49.05,19222.1,0,20972,Thursday
2019-12-06,Synthetic_Pharma_Product_A,West,1410,42.48,12254.63,0,19771,Friday
2019-12-07,Synthetic_Pharma_Product_A,West,1384,40.72,13135.25,0,18879,Saturday
2019-12-08,Synthetic_Pharma_Product_A,North,1155,42.65,22739.19,0,20675,Sunday
2019-12-09,Synthetic_Pharma_Product_A,North,1587,37.29,17822.0,0,17934,Monday
2019-12-10,Synthetic_Pharma_Product_A,West,1707,38.6,21066.75,0,15795,Tuesday
2019-12-11,Synthetic_Pharma_Product_A,West,1552,46.2,18127.43,0,17592,Wednesday
2019-12-12,Synthetic_Pharma_Product_A,South,1548,39.7,18133.9,0,16138,Thursday
2019-12-13,Synthetic_Pharma_Product_A,North,1516,38.34,22222.28,0,16312,Friday
2019-12-14,Synthetic_Pharma_Product_A,North,1342,43.88,15677.8,0,17639,Saturday
2019-12-15,Synthetic_Pharma_Product_A,East,1194,46.15,18432.54,0,16019,Sunday
2019-12-16,Synthetic_Pharma_Product_A,South,1309,44.52,15919.76,0,17230,Monday
2019-12-17,Synthetic_Pharma_Product_A,North,1350,45.49,16044.77,0,13266,Tuesday
2019-12-18,Synthetic_Pharma_Product_A,East,1834,39.35,16608.73,1,19333,Wednesday
2019-12-19,Synthetic_Pharma_Product_A,North,1648,37.02,18999.6,0,18003,Thursday
2019-12-20,Synthetic_Pharma_Product_A,West,1132,47.25,15845.63,0,15957,Friday
2019-12-21,Synthetic_Pharma_Product_A,South,1595,40.87,23650.9,0,19648,Saturday
2019-12-22,Synthetic_Pharma_Product_A,North,1470,41.12,13974.27,0,20344,Sunday
2019-12-23,Synthetic_Pharma_Product_A,East,1493,46.65,17159.08,0,13981,Monday
2019-12-24,Synthetic_Pharma_Product_A,South,1354,43.95,16021.21,0,16093,Tuesday
2019-12-25,Synthetic_Pharma_Product_A,West,1889,43.6,24511.4,1,16877,Wednesday
2019-12-26,Synthetic_Pharma_Product_A,East,1376,49.58,18884.5,0,15650,Thursday
2019-12-27,Synthetic_Pharma_Product_A,South,1800,39.75,22643.3,0,20074,Friday
2019-12-28,Synthetic_Pharma_Product_A,East,1279,45.25,11314.98,0,17515,Saturday
2019-12-29,Synthetic_Pharma_Product_A,South,1329,42.2,19201.73,0,17339,Sunday
2019-12-30,Synthetic_Pharma_Product_A,West,1646,42.94,22003.34,0,12990,Monday
2019-12-31,Synthetic_Pharma_Product_A,South,1727,47.35,18370.28,1,20389,Tuesday
2020-01-01,Synthetic_Pharma_Product_A,East,1794,43.78,22794.66,0,14902,Wednesday
2020-01-02,Synthetic_Pharma_Product_A,North,1819,43.88,15672.2,1,18950,Thursday
2020-01-03,Synthetic_Pharma_Product_A,South,1952,45.75,24342.06,1,19493,Friday
2020-01-04,Synthetic_Pharma_Product_A,West,1634,40.72,28345.04,0,21402,Saturday
2020-01-05,Synthetic_Pharma_Product_A,West,1616,39.06,16367.23,0,14728,Sunday
2020-01-06,Synthetic_Pharma_Product_A,North,1721,38.34,15995.24,0,11000,Monday
2020-01-07,Synthetic_Pharma_Product_A,North,1862,35.12,24540.23,0,18460,Tuesday
2020-01-08,Synthetic_Pharma_Product_A,West,1684,49.2,25108.07,0,22501,Wednesday
2020-01-09,Synthetic_Pharma_Product_A,West,1762,38.14,15647.13,0,21097,Thursday
2020-01-10,Synthetic_Pharma_Product_A,North,1561,41.23,16109.16,0,18524,Friday
2020-01-11,Synthetic_Pharma_Product_A,South,1383,41.03,16731.97,0,16771,Saturday
2020-01-12,Synthetic_Pharma_Product_A,South,1547,43.08,11949.97,1,20818,Sunday
2020-01-13,Synthetic_Pharma_Product_A,West,1525,44.86,13866.07,0,15566,Monday
2020-01-14,Synthetic_Pharma_Product_A,North,1488,45.01,13481.37,0,19191,Tuesday
2020-01-15,Synthetic_Pharma_Product_A,North,1666,39.96,14544.91,0,19264,Wednesday
2020-01-16,Synthetic_Pharma_Product_A,West,1847,41.42,17843.92,0,20651,Thursday
2020-01-17,Synthetic_Pharma_Product_A,North,1758,42.99,19053.97,0,24000,Friday
2020-01-18,Synthetic_Pharma_Product_A,South,1622,41.13,24977.25,0,18981,Saturday
2020-01-19,Synthetic_Pharma_Product_A,South,1541,47.63,13507.41,1,17528,Sunday
2020-01-20,Synthetic_Pharma_Product_A,South,1581,43.72,22429.45,0,17936,Monday
2020-01-21,Synthetic_Pharma_Product_A,South,1612,44.57,17037.05,0,13577,Tuesday
2020-01-22,Synthetic_Pharma_Product_A,East,1792,44.32,17777.41,0,16263,Wednesday
2020-01-23,Synthetic_Pharma_Product_A,North,1580,46.11,21036.69,0,16977,Thursday
2020-01-24,Synthetic_Pharma_Product_A,East,1461,42.63,12947.75,0,16690,Friday
2020-01-25,Synthetic_Pharma_Product_A,West,1557,37.46,19720.84,0,18381,Saturday
2020-01-26,Synthetic_Pharma_Product_A,West,1568,43.4,18749.03,1,16744,Sunday
2020-01-27,Synthetic_Pharma_Product_A,North,1714,39.72,20216.03,0,20803,Monday
2020-01-28,Synthetic_Pharma_Product_A,North,1730,40.15,19301.26,0,18001,Tuesday
2020-01-29,Synthetic_Pharma_Product_A,South,1691,44.05,29048.85,0,17977,Wednesday
2020-01-30,Synthetic_Pharma_Product_A,South,1511,46.33,15130.17,0,17180,Thursday
2020-01-31,Synthetic_Pharma_Product_A,South,2010,42.07,15610.51,1,19188,Friday
2020-02-01,Synthetic_Pharma_Product_A,East,1547,43.08,15195.87,1,20863,Saturday
2020-02-02,Synthetic_Pharma_Product_A,North,1468,47.96,15500.35,0,15832,Sunday
2020-02-03,Synthetic_Pharma_Product_A,North,1682,42.84,15131.76,0,16355,Monday
2020-02-04,Synthetic_Pharma_Product_A,South,1675,50.0,23350.57,0,17241,Tuesday
2020-02-05,Synthetic_Pharma_Product_A,East,1711,43.98,24392.27,0,14635,Wednesday
2020-02-06,Synthetic_Pharma_Product_A,North,2241,35.84,15431.64,1,16752,Thursday
2020-02-07,Synthetic_Pharma_Product_A,East,1448,44.64,14254.4,0,16809,Friday
2020-02-08,Synthetic_Pharma_Product_A,North,1863,43.33,20121.37,1,20986,Saturday
2020-02-09,Synthetic_Pharma_Product_A,West,1377,46.51,15515.0,0,18656,Sunday
2020-02-10,Synthetic_Pharma_Product_A,West,2054,44.36,20848.19,1,19284,Monday
2020-02-11,Synthetic_Pharma_Product_A,South,1643,41.52,18913.15,0,20127,Tuesday
2020-02-12,Synthetic_Pharma_Product_A,North,1623,37.71,11179.15,0,17657,Wednesday
2020-02-13,Synthetic_Pharma_Product_A,South,2289,41.27,24963.77,1,19776,Thursday
2020-02-14,Synthetic_Pharma_Product_A,North,1917,39.02,26081.45,0,17742,Friday
2020-02-15,Synthetic_Pharma_Product_A,East,1596,39.97,15242.45,0,18663,Saturday
2020-02-16,Synthetic_Pharma_Product_A,West,1540,44.06,16255.34,1,17343,Sunday
2020-02-17,Synthetic_Pharma_Product_A,East,1949,47.84,19286.39,1,12703,Monday
2020-02-18,Synthetic_Pharma_Product_A,West,1615,43.38,19505.06,0,17664,Tuesday
2020-02-19,Synthetic_Pharma_Product_A,South,2028,37.81,20963.45,0,21557,Wednesday
2020-02-20,Synthetic_Pharma_Product_A,North,1977,43.56,27045.92,0,20316,Thursday
2020-02-21,Synthetic_Pharma_Product_A,East,1548,46.19,17203.74,0,20413,Friday
2020-02-22,Synthetic_Pharma_Product_A,South,1617,39.87,14407.66,0,21090,Saturday
2020-02-23,Synthetic_Pharma_Product_A,East,1491,41.53,11793.06,0,18222,Sunday
2020-02-24,Synthetic_Pharma_Product_A,South,1652,42.05,14710.81,0,18493,Monday
2020-02-25,Synthetic_Pharma_Product_A,North,1761,39.25,17850.93,0,16456,Tuesday
2020-02-26,Synthetic_Pharma_Product_A,West,1669,44.27,26075.51,0,17210,Wednesday
2020-02-27,Synthetic_Pharma_Product_A,North,1796,41.58,15670.75,0,19539,Thursday
2020-02-28,Synthetic_Pharma_Product_A,West,1599,43.47,19007.05,0,21010,Friday
2020-02-29,Synthetic_Pharma_Product_A,West,1682,38.89,17926.1,0,17651,Saturday
2020-03-01,Synthetic_Pharma_Product_A,West,1707,40.47,23347.77,0,16875,Sunday
2020-03-02,Synthetic_Pharma_Product_A,East,2037,44.53,29371.2,0,18001,Monday
2020-03-03,Synthetic_Pharma_Product_A,East,2055,40.7,15611.09,1,20303,Tuesday
2020-03-04,Synthetic_Pharma_Product_A,West,1539,48.04,15797.52,0,14390,Wednesday
2020-03-05,Synthetic_Pharma_Product_A,South,2049,40.6,22698.72,0,12260,Thursday
2020-03-06,Synthetic_Pharma_Product_A,South,1898,42.79,21068.51,0,16624,Friday
2020-03-07,Synthetic_Pharma_Product_A,East,1697,45.26,26310.18,0,14948,Saturday
2020-03-08,Synthetic_Pharma_Product_A,South,1858,37.04,20627.68,0,16730,Sunday
2020-03-09,Synthetic_Pharma_Product_A,South,1824,35.84,16383.19,0,17631,Monday
2020-03-10,Synthetic_Pharma_Product_A,South,2157,36.66,20657.95,0,16867,Tuesday
2020-03-11,Synthetic_Pharma_Product_A,East,1860,46.42,22989.17,0,21631,Wednesday
2020-03-12,Synthetic_Pharma_Product_A,West,1877,40.07,21692.17,0,18817,Thursday
2020-03-13,Synthetic_Pharma_Product_A,North,1855,50.0,20282.73,1,19551,Friday
2020-03-14,Synthetic_Pharma_Product_A,West,1775,40.03,22800.04,0,19556,Saturday
2020-03-15,Synthetic_Pharma_Product_A,East,1696,42.65,23261.83,0,15153,Sunday
2020-03-16,Synthetic_Pharma_Product_A,West,1835,47.4,24219.72,0,20598,Monday
2020-03-17,Synthetic_Pharma_Product_A,East,2105,49.02,20919.19,1,18611,Tuesday
2020-03-18,Synthetic_Pharma_Product_A,West,1722,49.22,17247.97,0,19676,Wednesday
2020-03-19,Synthetic_Pharma_Product_A,North,1590,46.23,18660.21,0,15320,Thursday
2020-03-20,Synthetic_Pharma_Product_A,West,1927,45.58,23429.29,0,14116,Friday
2020-03-21,Synthetic_Pharma_Product_A,North,1900,44.07,14323.79,1,20845,Saturday
2020-03-22,Synthetic_Pharma_Product_A,West,1894,44.72,19659.03,1,19741,Sunday
2020-03-23,Synthetic_Pharma_Product_A,West,2016,40.07,16229.98,0,15745,Monday
2020-03-24,Synthetic_Pharma_Product_A,South,2196,39.14,18129.35,0,15826,Tuesday
2020-03-25,Synthetic_Pharma_Product_A,North,2121,41.99,23753.03,0,20814,Wednesday
2020-03-26,Synthetic_Pharma_Product_A,West,1948,41.4,18859.95,0,15026,Thursday
2020-03-27,Synthetic_Pharma_Product_A,North,2057,40.41,18208.96,0,22107,Friday
2020-03-28,Synthetic_Pharma_Product_A,West,1487,44.44,11880.65,0,15748,Saturday
2020-03-29,Synthetic_Pharma_Product_A,North,1889,45.34,21358.14,1,20396,Sunday
2020-03-30,Synthetic_Pharma_Product_A,North,1908,42.31,20904.68,0,17178,Monday
2020-03-31,Synthetic_Pharma_Product_A,West,2092,47.17,27734.65,0,19508,Tuesday
2020-04-01,Synthetic_Pharma_Product_A,East,1909,38.0,16615.0,0,16640,Wednesday
2020-04-02,Synthetic_Pharma_Product_A,West,2114,41.32,18986.18,0,17593,Thursday
2020-04-03,Synthetic_Pharma_Product_A,South,2069,39.49,19122.23,0,18102,Friday
2020-04-04,Synthetic_Pharma_Product_A,East,1878,35.47,25098.54,0,15495,Saturday
2020-04-05,Synthetic_Pharma_Product_A,East,1718,41.71,17571.17,0,19852,Sunday
2020-04-06,Synthetic_Pharma_Product_A,East,1722,41.57,19255.6,0,16717,Monday
2020-04-07,Synthetic_Pharma_Product_A,East,1856,47.3,20735.53,0,17429,Tuesday
2020-04-08,Synthetic_Pharma_Product_A,East,1954,44.21,18839.74,0,15514,Wednesday
2020-04-09,Synthetic_Pharma_Product_A,South,2243,38.42,15991.05,1,12394,Thursday
2020-04-10,Synthetic_Pharma_Product_A,South,1726,48.49,18873.4,0,17522,Friday
2020-04-11,Synthetic_Pharma_Product_A,West,1866,46.27,22831.34,0,24000,Saturday
2020-04-12,Synthetic_Pharma_Product_A,North,1730,44.04,13380.68,1,20762,Sunday
2020-04-13,Synthetic_Pharma_Product_A,East,1849,41.21,18598.36,0,17952,Monday
2020-04-14,Synthetic_Pharma_Product_A,North,2442,38.64,14849.46,1,18143,Tuesday
2020-04-15,Synthetic_Pharma_Product_A,East,2317,40.7,23377.71,0,18056,Wednesday
2020-04-16,Synthetic_Pharma_Product_A,West,1915,45.81,11145.66,1,20168,Thursday
2020-04-17,Synthetic_Pharma_Product_A,North,1764,48.6,15484.85,0,15048,Friday
2020-04-18,Synthetic_Pharma_Product_A,North,1967,47.4,19697.45,1,21586,Saturday
2020-04-19,Synthetic_Pharma_Product_A,North,1823,40.29,25044.86,0,19788,Sunday
2020-04-20,Synthetic_Pharma_Product_A,East,2344,38.08,17704.12,1,20595,Monday
2020-04-21,Synthetic_Pharma_Product_A,West,2000,42.49,15501.6,0,19096,Tuesday
2020-04-22,Synthetic_Pharma_Product_A,North,2562,35.81,26465.21,0,18049,Wednesday
2020-04-23,Synthetic_Pharma_Product_A,East,2097,43.13,11483.94,1,20482,Thursday
2020-04-24,Synthetic_Pharma_Product_A,South,1632,41.48,8105.37,0,19480,Friday
2020-04-25,Synthetic_Pharma_Product_A,South,2023,40.37,19980.07,0,17115,Saturday
2020-04-26,Synthetic_Pharma_Product_A,West,1776,36.42,15740.76,0,16566,Sunday
2020-04-27,Synthetic_Pharma_Product_A,South,1745,43.8,13404.45,0,18255,Monday
2020-04-28,Synthetic_Pharma_Product_A,South,2131,40.14,21187.6,0,21873,Tuesday
2020-04-29,Synthetic_Pharma_Product_A,North,2294,37.91,19097.1,0,14902,Wednesday
2020-04-30,Synthetic_Pharma_Product_A,North,2606,34.0,15461.65,1,15131,Thursday
2020-05-01,Synthetic_Pharma_Product_A,North,1868,41.9,12238.63,0,18412,Friday
2020-05-02,Synthetic_Pharma_Product_A,North,1653,48.2,21926.06,0,18127,Saturday
2020-05-03,Synthetic_Pharma_Product_A,East,1858,47.81,20925.91,1,19233,Sunday
2020-05-04,Synthetic_Pharma_Product_A,South,2386,40.4,17553.71,1,19410,Monday
2020-05-05,Synthetic_Pharma_Product_A,East,1959,39.89,26309.87,0,17442,Tuesday
2020-05-06,Synthetic_Pharma_Product_A,North,1761,43.64,13184.62,0,21725,Wednesday
2020-05-07,Synthetic_Pharma_Product_A,South,1939,38.51,11135.14,0,13998,Thursday
2020-05-08,Synthetic_Pharma_Product_A,East,1727,43.06,14886.41,0,15929,Friday
2020-05-09,Synthetic_Pharma_Product_A,West,1684,44.68,17794.86,0,17742,Saturday
2020-05-10,Synthetic_Pharma_Product_A,North,1595,46.29,19095.03,0,13892,Sunday
2020-05-11,Synthetic_Pharma_Product_A,West,2146,41.65,16914.44,0,17560,Monday
2020-05-12,Synthetic_Pharma_Product_A,East,2203,41.29,19584.25,0,22154,Tuesday
2020-05-13,Synthetic_Pharma_Product_A,East,2194,38.93,12368.07,1,18852,Wednesday
2020-05-14,Synthetic_Pharma_Product_A,South,2573,39.11,24496.94,1,19377,Thursday
2020-05-15,Synthetic_Pharma_Product_A,North,1980,41.21,17630.32,0,14850,Friday
2020-05-16,Synthetic_Pharma_Product_A,North,1746,43.29,23027.83,0,16459,Saturday
2020-05-17,Synthetic_Pharma_Product_A,East,1687,45.2,19542.26,0,17062,Sunday
2020-05-18,Synthetic_Pharma_Product_A,South,2038,39.19,20055.39,0,17206,Monday
2020-05-19,Synthetic_Pharma_Product_A,West,1718,47.22,20563.95,0,21204,Tuesday
2020-05-20,Synthetic_Pharma_Product_A,South,2123,41.05,20014.69,0,19394,Wednesday
2020-05-21,Synthetic_Pharma_Product_A,North,2441,41.93,20892.25,1,16021,Thursday
2020-05-22,Synthetic_Pharma_Product_A,East,2480,39.38,23981.19,1,19416,Friday
2020-05-23,Synthetic_Pharma_Product_A,South,2427,34.0,18884.35,1,20046,Saturday
2020-05-24,Synthetic_Pharma_Product_A,East,1634,45.09,21190.52,0,20850,Sunday
2020-05-25,Synthetic_Pharma_Product_A,East,1902,44.58,17596.19,0,21951,Monday
2020-05-26,Synthetic_Pharma_Product_A,West,2257,41.02,24480.53,0,15462,Tuesday
2020-05-27,Synthetic_Pharma_Product_A,West,2194,42.23,14956.23,1,16773,Wednesday
2020-05-28,Synthetic_Pharma_Product_A,East,2483,43.81,26104.23,1,15656,Thursday
2020-05-29,Synthetic_Pharma_Product_A,East,2107,36.53,17819.29,0,17415,Friday
2020-05-30,Synthetic_Pharma_Product_A,West,1635,40.15,11561.51,0,19166,Saturday
2020-05-31,Synthetic_Pharma_Product_A,South,1641,44.78,18576.47,0,20468,Sunday
2020-06-01,Synthetic_Pharma_Product_A,North,1970,37.61,14935.27,0,17810,Monday
2020-06-02,Synthetic_Pharma_Product_A,South,2332,43.03,21782.9,1,18000,Tuesday
2020-06-03,Synthetic_Pharma_Product_A,North,1898,37.25,15063.19,0,18379,Wednesday
2020-06-04,Synthetic_Pharma_Product_A,East,1817,43.63,15992.17,0,15912,Thursday
2020-06-05,Synthetic_Pharma_Product_A,East,1746,41.88,9497.07,0,23224,Friday
2020-06-06,Synthetic_Pharma_Product_A,East,2138,36.35,15964.62,1,14781,Saturday
2020-06-07,Synthetic_Pharma_Product_A,North,1617,46.08,8000.0,1,19262,Sunday
2020-06-08,Synthetic_Pharma_Product_A,East,2184,39.43,10872.44,1,23859,Monday
2020-06-09,Synthetic_Pharma_Product_A,South,2213,39.16,21421.87,0,18017,Tuesday
2020-06-10,Synthetic_Pharma_Product_A,East,2128,42.7,21536.1,0,17525,Wednesday
2020-06-11,Synthetic_Pharma_Product_A,East,1802,46.02,19914.56,0,17106,Thursday
2020-06-12,Synthetic_Pharma_Product_A,South,1857,38.44,13648.61,0,17549,Friday
2020-06-13,Synthetic_Pharma_Product_A,North,1886,42.22,17785.3,1,22232,Saturday
2020-06-14,Synthetic_Pharma_Product_A,North,1635,43.5,17983.79,0,12470,Sunday
2020-06-15,Synthetic_Pharma_Product_A,West,2012,44.43,12787.36,1,22634,Monday
2020-06-16,Synthetic_Pharma_Product_A,West,2361,42.62,24765.29,1,15240,Tuesday
2020-06-17,Synthetic_Pharma_Product_A,East,1970,40.72,21948.13,0,17333,Wednesday
2020-06-18,Synthetic_Pharma_Product_A,North,1998,39.1,17005.66,0,16927,Thursday
2020-06-19,Synthetic_Pharma_Product_A,South,2296,42.3,18120.99,1,20271,Friday
2020-06-20,Synthetic_Pharma_Product_A,East,2235,38.25,18937.72,1,14805,Saturday
2020-06-21,Synthetic_Pharma_Product_A,West,1700,34.0,8812.19,0,19155,Sunday
2020-06-22,Synthetic_Pharma_Product_A,North,1843,43.53,16887.7,0,23061,Monday
2020-06-23,Synthetic_Pharma_Product_A,North,1685,45.16,14931.07,0,14592,Tuesday
2020-06-24,Synthetic_Pharma_Product_A,East,2463,34.0,13492.71,1,19274,Wednesday
2020-06-25,Synthetic_Pharma_Product_A,South,1965,38.47,16735.05,0,16345,Thursday
2020-06-26,Synthetic_Pharma_Product_A,North,2135,44.17,26089.59,0,19065,Friday
2020-06-27,Synthetic_Pharma_Product_A,North,1361,49.2,20883.79,0,18048,Saturday
2020-06-28,Synthetic_Pharma_Product_A,East,1632,42.07,15429.69,0,16396,Sunday
2020-06-29,Synthetic_Pharma_Product_A,West,2148,39.45,20576.62,0,19220,Monday
2020-06-30,Synthetic_Pharma_Product_A,West,2154,41.36,24297.1,0,22511,Tuesday
2020-07-01,Synthetic_Pharma_Product_A,East,2177,46.81,22160.85,0,17523,Wednesday
2020-07-02,Synthetic_Pharma_Product_A,East,2084,39.74,18268.34,0,19799,Thursday
2020-07-03,Synthetic_Pharma_Product_A,North,1874,39.2,15088.78,0,14767,Friday
2020-07-04,Synthetic_Pharma_Product_A,East,1831,40.31,21142.0,0,15609,Saturday
2020-07-05,Synthetic_Pharma_Product_A,South,1966,38.66,19770.68,1,19981,Sunday
2020-07-06,Synthetic_Pharma_Product_A,East,2025,42.43,22028.37,0,21710,Monday
2020-07-07,Synthetic_Pharma_Product_A,South,1724,47.69,20858.27,0,18889,Tuesday
2020-07-08,Synthetic_Pharma_Product_A,North,2446,43.13,22722.99,1,18017,Wednesday
2020-07-09,Synthetic_Pharma_Product_A,North,1865,41.12,15591.44,0,17998,Thursday
2020-07-10,Synthetic_Pharma_Product_A,South,2115,40.98,23928.27,0,14874,Friday
2020-07-11,Synthetic_Pharma_Product_A,North,1834,36.53,18889.2,0,19511,Saturday
2020-07-12,Synthetic_Pharma_Product_A,North,1993,45.09,27338.67,0,20206,Sunday
2020-07-13,Synthetic_Pharma_Product_A,West,1848,41.73,14898.65,0,16870,Monday
2020-07-14,Synthetic_Pharma_Product_A,South,2354,41.37,25811.84,0,16825,Tuesday
2020-07-15,Synthetic_Pharma_Product_A,East,1773,50.0,18890.6,0,18665,Wednesday
2020-07-16,Synthetic_Pharma_Product_A,West,1893,43.05,15068.62,0,16908,Thursday
2020-07-17,Synthetic_Pharma_Product_A,West,2021,39.37,15822.51,0,17835,Friday
2020-07-18,Synthetic_Pharma_Product_A,East,1766,40.51,16558.44,0,23249,Saturday
2020-07-19,Synthetic_Pharma_Product_A,West,1408,46.02,19908.75,0,17382,Sunday
2020-07-20,Synthetic_Pharma_Product_A,South,1948,42.4,20352.76,0,17104,Monday
2020-07-21,Synthetic_Pharma_Product_A,South,2139,36.97,15418.35,0,16381,Tuesday
2020-07-22,Synthetic_Pharma_Product_A,South,2108,45.22,17890.4,1,20660,Wednesday
2020-07-23,Synthetic_Pharma_Product_A,East,2094,39.66,27640.22,0,17547,Thursday
2020-07-24,Synthetic_Pharma_Product_A,East,1859,48.56,25773.94,0,16377,Friday
2020-07-25,Synthetic_Pharma_Product_A,South,1809,45.78,19963.46,0,21303,Saturday
2020-07-26,Synthetic_Pharma_Product_A,North,1887,40.43,18171.02,0,21549,Sunday
2020-07-27,Synthetic_Pharma_Product_A,East,1778,46.48,18540.14,0,16499,Monday
2020-07-28,Synthetic_Pharma_Product_A,North,2405,42.24,20760.83,1,14134,Tuesday
2020-07-29,Synthetic_Pharma_Product_A,East,1957,44.98,13397.43,1,21319,Wednesday
2020-07-30,Synthetic_Pharma_Product_A,East,1653,43.7,16841.81,0,16288,Thursday
2020-07-31,Synthetic_Pharma_Product_A,East,2035,39.04,10491.37,1,20777,Friday
2020-08-01,Synthetic_Pharma_Product_A,West,1969,39.75,19796.5,0,13075,Saturday
2020-08-02,Synthetic_Pharma_Product_A,West,1606,45.6,20912.38,0,20231,Sunday
2020-08-03,Synthetic_Pharma_Product_A,South,1881,40.83,15825.66,0,14972,Monday
2020-08-04,Synthetic_Pharma_Product_A,East,2442,40.59,25082.94,1,20627,Tuesday
2020-08-05,Synthetic_Pharma_Product_A,East,2106,38.66,12484.05,0,18036,Wednesday
2020-08-06,Synthetic_Pharma_Product_A,North,1895,43.48,11410.31,0,15615,Thursday
2020-08-07,Synthetic_Pharma_Product_A,North,1930,49.22,19010.03,0,16982,Friday
2020-08-08,Synthetic_Pharma_Product_A,South,1879,38.26,22711.94,0,19716,Saturday
2020-08-09,Synthetic_Pharma_Product_A,South,1864,42.08,25577.67,0,18265,Sunday
2020-08-10,Synthetic_Pharma_Product_A,East,1530,46.94,15935.02,0,19461,Monday
2020-08-11,Synthetic_Pharma_Product_A,West,2192,41.72,22854.06,0,22941,Tuesday
2020-08-12,Synthetic_Pharma_Product_A,North,1720,43.58,17826.71,0,14089,Wednesday
2020-08-13,Synthetic_Pharma_Product_A,North,2037,38.28,17223.18,0,22043,Thursday
2020-08-14,Synthetic_Pharma_Product_A,West,1820,43.5,21976.47,0,18261,Friday
2020-08-15,Synthetic_Pharma_Product_A,North,1689,41.34,20935.45,0,15753,Saturday
2020-08-16,Synthetic_Pharma_Product_A,South,1343,45.45,10906.24,0,14674,Sunday
2020-08-17,Synthetic_Pharma_Product_A,East,2136,46.16,24644.43,1,18327,Monday
2020-08-18,Synthetic_Pharma_Product_A,East,1688,50.0,24210.41,0,20304,Tuesday
2020-08-19,Synthetic_Pharma_Product_A,North,1706,44.03,15184.97,0,17681,Wednesday
2020-08-20,Synthetic_Pharma_Product_A,North,1988,43.14,19781.12,0,21778,Thursday
2020-08-21,Synthetic_Pharma_Product_A,North,1800,42.68,20223.14,0,14372,Friday
2020-08-22,Synthetic_Pharma_Product_A,East,1751,40.76,19173.03,0,17970,Saturday
