record_id,region,product,sales_channel,quarter,sales_rep_count,marketing_spend_usd,doctor_visits,samples_distributed,prior_month_sales_usd,competitor_index,stock_availability,discount_pct,market_potential_index,monthly_sales_usd
10001,South,OncoPlus,Hospital,Q4,16,13744.58,265,14048,561932.16,1.36,0.764,16.8,1.11,1188003.47
10002,Central,NeuroCalm,Retail Pharmacy,Q4,51,109153.77,308,7401,483317.55,0.79,0.737,16.79,0.9,753084.54
10003,West,DiabeSafe,Clinic,Q4,39,153179.23,433,3285,616988.74,1.28,0.95,2.25,1.18,992974.41
10004,East,CardioCare,Clinic,Q2,76,103326.68,228,1219,514601.6,0.62,0.807,6.88,0.69,664046.94
10005,North,OncoPlus,Retail Pharmacy,Q3,40,47276.57,145,9097,224498.04,1.09,0.832,0.51,1.32,720650.89
10006,North,Immunex,Retail Pharmacy,Q2,38,15723.76,254,7355,183681.48,0.99,0.861,15.39,0.62,419548.25
10007,North,DiabeSafe,Hospital,Q3,60,46486.77,435,2794,462584.11,1.04,0.955,6.46,1.16,1088691.72
10008,Central,CardioCare,Clinic,Q1,59,80740.64,445,8763,255749.92,1.38,0.902,11.36,0.84,775834.08
10009,East,Respira,Hospital,Q4,10,139133.94,141,14641,381053.31,1.33,0.892,12.87,1.25,761585.44
10010,West,NeuroCalm,Clinic,Q3,64,41933.28,157,10745,33879.63,1.26,0.769,7.74,1.05,347147.8
10011,North,OncoPlus,Retail Pharmacy,Q2,63,132364.55,134,9921,68369.14,0.8,0.864,5.52,0.95,696756.82
10012,Central,DiabeSafe,Retail Pharmacy,Q4,49,157378.69,439,10259,361928.12,1.37,0.92,17.32,0.67,1065095.15
10013,West,DiabeSafe,Retail Pharmacy,Q1,64,87170.96,181,12374,380964.42,0.64,0.993,17.36,1.14,757909.52
10014,North,Immunex,Hospital,Q3,32,149643.44,220,11645,495900.83,1.32,0.776,5.21,1.47,1294229.6
10015,North,Immunex,Hospital,Q3,7,104291.75,253,4982,111818.5,0.85,0.723,8.63,1.33,828627.14
10016,North,Respira,Hospital,Q3,21,118305.44,47,14579,348173.51,0.6,0.741,17.51,0.56,755196.31
10017,South,NeuroCalm,Hospital,Q4,20,99467.34,30,1198,150557.54,1.15,0.825,0.09,0.88,395232.89
10018,East,Respira,Specialty Pharmacy,Q2,26,88739.36,225,7743,87781.59,0.76,0.95,7.43,1.43,584946.81
10019,South,CardioCare,Retail Pharmacy,Q2,68,49891.09,186,13988,284507.39,0.77,0.722,1.81,1.0,644544.22
10020,South,CardioCare,Hospital,Q3,15,61542.99,266,9518,131268.72,0.83,0.848,9.16,1.16,709456.18
10021,East,Respira,Clinic,Q1,79,59294.92,66,6418,167504.83,0.61,0.812,0.44,1.41,349941.67
10022,North,NeuroCalm,Clinic,Q1,14,105759.12,265,848,226883.84,0.71,0.735,7.32,1.37,453385.78
10023,South,Respira,Clinic,Q2,27,30392.13,146,5874,190820.81,0.55,0.846,3.97,1.0,382731.27
10024,South,NeuroCalm,Clinic,Q1,40,165854.59,166,12600,84306.6,0.95,0.791,9.6,0.94,518684.49
10025,South,NeuroCalm,Hospital,Q2,58,132511.37,137,8369,85748.07,0.63,0.819,17.93,0.84,617438.11
10026,West,OncoPlus,Retail Pharmacy,Q3,28,78245.76,418,807,149814.64,1.16,0.918,14.41,1.22,853123.96
10027,North,NeuroCalm,Specialty Pharmacy,Q2,26,36966.1,401,3916,61346.7,0.76,0.866,15.22,0.79,496285.9
10028,East,Immunex,Specialty Pharmacy,Q2,63,159938.67,431,13938,418403.35,1.4,0.755,11.43,0.75,1380728.1
10029,East,NeuroCalm,Hospital,Q3,66,150042.28,171,14748,208142.56,1.33,0.989,0.75,0.86,704715.8
10030,North,NeuroCalm,Specialty Pharmacy,Q1,25,132692.66,91,11026,203442.5,0.81,0.898,3.72,0.68,465399.0
10031,East,NeuroCalm,Hospital,Q2,3,56163.0,382,13553,235838.94,1.25,0.934,16.65,1.2,708678.94
10032,North,CardioCare,Hospital,Q2,72,78415.93,156,5320,440933.69,1.27,0.742,6.59,1.12,903992.92
10033,North,Immunex,Retail Pharmacy,Q3,44,27467.2,194,11501,569793.01,1.44,0.733,1.87,0.98,693784.77
10034,Central,Immunex,Retail Pharmacy,Q1,42,42136.72,308,14407,500633.9,1.09,0.725,12.64,0.89,941925.35
10035,Central,Respira,Retail Pharmacy,Q2,6,143112.83,38,4058,481068.12,0.62,0.773,5.39,1.41,591169.33
10036,West,OncoPlus,Hospital,Q3,39,131556.58,214,4978,330322.54,1.13,0.836,4.84,0.53,1145347.18
10037,South,NeuroCalm,Clinic,Q2,52,110892.58,349,12169,460159.45,1.11,0.982,17.96,1.27,753564.52
10038,North,DiabeSafe,Hospital,Q4,23,162273.54,443,7031,372712.67,1.12,0.848,15.45,1.4,1310501.14
10039,West,OncoPlus,Hospital,Q3,50,109155.31,194,5120,164075.33,0.83,0.801,7.34,0.95,828434.87
10040,South,OncoPlus,Clinic,Q1,43,89384.56,432,11378,159324.79,1.32,0.877,17.64,1.05,785823.46
10041,North,Immunex,Clinic,Q1,19,67863.03,373,3485,213763.04,1.41,0.751,11.7,1.44,612394.42
10042,East,OncoPlus,Clinic,Q1,69,169876.25,160,8612,594697.66,0.75,0.891,13.36,0.71,1113742.28
10043,North,NeuroCalm,Specialty Pharmacy,Q1,51,24061.63,265,8967,369397.2,0.63,0.879,0.57,1.02,595051.25
10044,Central,NeuroCalm,Retail Pharmacy,Q2,11,168250.85,404,3047,485021.33,0.73,0.942,2.19,0.97,831669.73
10045,South,CardioCare,Retail Pharmacy,Q2,12,150541.49,437,11456,244866.43,1.29,0.996,11.4,0.76,1012910.78
10046,West,NeuroCalm,Hospital,Q1,74,32088.09,112,836,282783.78,1.16,0.79,16.18,1.32,475941.98
10047,South,NeuroCalm,Retail Pharmacy,Q1,8,106047.34,258,10665,107850.66,1.12,0.863,11.23,1.4,556776.41
10048,East,Immunex,Retail Pharmacy,Q1,24,157313.16,224,3479,136202.87,0.91,0.974,2.41,1.28,791657.87
10049,East,NeuroCalm,Hospital,Q2,41,107207.56,67,13268,542961.06,1.07,0.94,2.08,0.7,732350.44
10050,North,CardioCare,Specialty Pharmacy,Q1,36,164223.97,264,4468,392599.95,0.83,0.856,15.2,0.59,1006204.79
10051,Central,DiabeSafe,Retail Pharmacy,Q1,72,170307.25,339,1410,239270.13,0.98,0.985,2.51,1.11,849136.25
10052,West,Immunex,Hospital,Q4,55,81805.37,336,2496,527767.75,1.26,0.736,9.36,0.56,1083546.52
10053,Central,DiabeSafe,Hospital,Q4,9,74143.32,432,3629,182842.34,1.43,0.981,0.67,1.17,969719.27
10054,Central,Immunex,Specialty Pharmacy,Q1,47,169174.6,314,5947,635140.27,1.39,0.734,1.45,1.03,1410277.61
10055,East,Respira,Hospital,Q3,15,124773.81,147,6629,243786.92,1.39,0.873,12.1,1.16,708646.27
10056,Central,OncoPlus,Clinic,Q1,48,29723.86,363,6350,239132.79,0.91,0.969,12.41,1.09,768317.55
10057,North,Respira,Retail Pharmacy,Q4,42,17189.6,301,4704,223385.38,0.97,0.794,6.15,0.92,490858.62
10058,North,NeuroCalm,Retail Pharmacy,Q3,60,105986.94,36,7946,105709.14,1.19,0.852,3.88,0.7,343745.79
10059,North,DiabeSafe,Retail Pharmacy,Q3,70,168129.06,90,12449,98905.03,1.38,0.811,14.65,0.81,694523.45
10060,South,NeuroCalm,Specialty Pharmacy,Q1,12,153522.28,288,9019,431825.12,0.68,0.987,3.91,1.02,947158.22
10061,South,OncoPlus,Retail Pharmacy,Q4,2,124894.12,344,10491,572573.19,0.82,0.951,9.76,1.15,1206471.76
10062,South,Immunex,Specialty Pharmacy,Q4,7,33649.69,301,814,520122.72,0.68,0.919,17.43,1.28,867154.91
10063,West,OncoPlus,Retail Pharmacy,Q3,80,53219.34,324,12237,117486.71,1.1,0.885,2.66,1.27,800065.71
10064,South,CardioCare,Hospital,Q1,3,158836.91,26,1634,368260.92,0.83,0.95,16.94,1.47,838470.64
10065,South,OncoPlus,Clinic,Q2,3,41077.23,333,11438,95466.76,0.84,0.83,3.29,0.79,666415.94
10066,East,CardioCare,Specialty Pharmacy,Q2,27,57334.7,324,5376,58082.68,0.61,0.845,10.21,0.57,594390.07
10067,North,OncoPlus,Retail Pharmacy,Q4,40,32032.11,122,8602,436959.23,0.86,0.924,6.79,0.85,560434.6
10068,West,CardioCare,Clinic,Q2,33,124938.4,328,10212,361794.45,1.33,0.82,17.37,1.24,746296.3
10069,North,DiabeSafe,Clinic,Q4,1,170476.99,212,8847,80854.68,0.76,0.738,4.92,0.94,605448.39
10070,Central,NeuroCalm,Specialty Pharmacy,Q4,8,55724.57,260,6092,51662.33,1.18,0.741,7.19,1.32,421332.08
10071,West,NeuroCalm,Specialty Pharmacy,Q4,32,90819.12,81,2224,643648.98,1.12,0.752,17.69,1.05,628670.28
10072,North,Respira,Specialty Pharmacy,Q2,48,117837.76,36,3843,48613.23,1.33,0.964,9.66,1.43,508771.08
10073,North,NeuroCalm,Specialty Pharmacy,Q4,4,179909.26,190,1386,305607.52,0.67,0.852,9.05,1.45,765620.18
10074,West,Immunex,Retail Pharmacy,Q3,70,27817.37,44,11765,342863.8,1.43,0.92,4.64,0.57,490979.95
10075,West,OncoPlus,Specialty Pharmacy,Q1,19,94757.04,270,11497,102713.69,1.07,0.83,12.62,0.96,939872.38
10076,West,Respira,Hospital,Q1,32,75470.42,272,1221,134818.3,1.45,0.792,0.26,1.11,535999.81
10077,West,Immunex,Clinic,Q4,9,157189.43,406,8178,248119.1,1.37,0.817,0.89,0.76,799352.68
10078,North,Immunex,Clinic,Q1,12,90914.51,226,9604,502239.04,0.75,0.942,10.79,0.91,777616.88
10079,South,CardioCare,Hospital,Q2,11,28866.18,48,3857,344391.1,0.6,0.895,6.15,1.18,443878.99
10080,North,NeuroCalm,Specialty Pharmacy,Q2,46,117852.1,136,1370,425499.16,0.78,0.983,17.16,0.73,748812.72
10081,Central,DiabeSafe,Hospital,Q1,16,141032.71,435,12800,640808.22,1.02,0.91,16.26,1.1,1537502.69
10082,West,DiabeSafe,Hospital,Q2,1,10489.81,301,7251,506163.37,0.7,0.88,12.85,1.2,892624.21
10083,South,Respira,Specialty Pharmacy,Q1,63,156022.64,399,997,299304.13,0.7,0.891,14.73,0.59,980225.45
10084,North,DiabeSafe,Hospital,Q1,21,41623.91,163,2256,306793.99,0.97,0.984,12.01,1.0,721106.6
10085,South,OncoPlus,Specialty Pharmacy,Q1,30,103851.79,44,1617,413638.69,0.58,0.941,2.26,0.76,787398.86
10086,South,DiabeSafe,Specialty Pharmacy,Q4,13,80685.58,329,12101,442526.43,0.66,0.727,13.78,1.22,1058106.03
10087,West,Respira,Retail Pharmacy,Q1,34,132341.15,175,3328,340440.77,0.92,0.87,3.78,0.69,671452.45
10088,West,DiabeSafe,Hospital,Q4,4,73097.47,92,13982,429813.96,0.61,0.913,5.82,1.39,979937.34
10089,Central,OncoPlus,Hospital,Q1,28,157859.74,139,14792,44590.15,0.91,0.93,14.75,0.93,1038507.15
10090,East,CardioCare,Retail Pharmacy,Q1,59,134184.38,331,2147,296366.18,0.98,0.78,9.66,0.7,728797.98
10091,North,Respira,Clinic,Q1,27,120111.24,340,14378,202941.61,0.96,0.963,15.48,0.94,615923.8
10092,West,CardioCare,Retail Pharmacy,Q2,69,145360.9,112,7492,110088.16,1.33,0.988,3.83,0.91,636621.69
10093,West,CardioCare,Hospital,Q4,25,138183.92,105,11675,91718.84,1.03,0.786,10.94,0.93,667344.43
10094,East,CardioCare,Retail Pharmacy,Q4,3,16109.57,355,14278,403979.14,0.97,0.967,1.51,1.09,726599.3
10095,West,Immunex,Retail Pharmacy,Q1,68,77104.84,444,7271,354632.34,0.92,0.747,11.58,1.02,981543.88
10096,East,NeuroCalm,Specialty Pharmacy,Q1,25,168237.24,383,642,187222.15,1.29,0.736,13.73,0.65,725865.84
10097,East,Immunex,Hospital,Q2,20,31373.13,137,14012,321989.04,1.36,0.756,10.53,0.57,750715.3
10098,South,NeuroCalm,Specialty Pharmacy,Q2,34,135306.41,252,3261,335184.04,1.32,0.736,4.79,1.23,763050.46
10099,North,CardioCare,Retail Pharmacy,Q2,26,175680.61,218,3935,150905.57,1.16,0.957,0.56,1.06,814728.58
10100,North,Respira,Clinic,Q4,5,18873.77,225,7122,434297.7,0.67,0.737,2.15,0.86,484600.12
10101,North,NeuroCalm,Retail Pharmacy,Q4,61,125972.96,432,13352,514170.0,0.8,0.796,11.2,1.31,850354.0
10102,West,OncoPlus,Retail Pharmacy,Q4,9,89586.2,358,11123,520707.4,0.59,0.749,16.82,0.89,1195139.66
10103,South,OncoPlus,Clinic,Q1,50,108459.79,166,14503,403531.3,1.39,0.803,3.72,1.3,878934.6
10104,East,DiabeSafe,Hospital,Q4,6,24508.03,444,7569,347215.92,1.14,0.745,13.23,0.81,1011080.0
10105,Central,NeuroCalm,Clinic,Q3,60,17311.18,448,5012,67824.43,1.22,0.907,15.6,0.57,373481.23
10106,South,Respira,Specialty Pharmacy,Q3,44,123367.33,290,2348,208455.41,0.83,0.757,9.38,1.43,720743.15
10107,South,Immunex,Hospital,Q2,11,149962.6,406,3196,87828.3,1.31,0.959,12.05,0.89,996525.79
10108,West,CardioCare,Hospital,Q4,66,142942.61,158,2217,627570.36,0.78,0.949,14.67,1.29,1199162.18
10109,North,DiabeSafe,Specialty Pharmacy,Q3,47,102446.97,200,14178,113749.69,0.55,0.724,4.69,0.78,805117.3
10110,North,OncoPlus,Hospital,Q2,73,26977.36,449,3572,124100.75,0.89,0.971,5.34,1.15,985989.43
10111,South,Immunex,Retail Pharmacy,Q4,3,126967.56,49,9759,581537.5,1.06,0.728,0.01,1.37,809116.55
10112,North,Immunex,Retail Pharmacy,Q1,76,51121.11,76,3286,615235.54,0.98,0.787,17.34,0.54,658205.79
10113,Central,CardioCare,Retail Pharmacy,Q3,30,164881.68,251,14654,504814.0,1.33,0.729,16.52,1.33,953997.6
10114,West,NeuroCalm,Hospital,Q1,21,152505.11,165,13909,33351.05,0.64,0.814,13.76,1.07,686870.93
10115,West,OncoPlus,Clinic,Q4,28,130595.1,403,4291,30834.69,1.05,0.864,1.42,1.11,796684.71
10116,Central,Respira,Clinic,Q3,62,171303.81,67,9980,264422.48,1.01,0.943,8.06,1.02,642845.89
10117,West,Immunex,Clinic,Q4,33,15341.71,213,4371,118905.13,0.8,0.815,1.83,1.37,372784.91
10118,North,CardioCare,Specialty Pharmacy,Q1,35,135154.07,243,2306,41399.41,1.29,0.918,0.29,0.54,552540.05
10119,Central,Respira,Hospital,Q3,52,66141.27,155,14975,317721.35,1.23,0.773,11.09,0.76,626051.37
10120,East,NeuroCalm,Specialty Pharmacy,Q1,34,164031.2,41,2004,614698.38,1.21,0.93,17.29,1.38,725161.02
10121,West,OncoPlus,Hospital,Q4,41,55334.78,25,3808,230768.14,1.34,0.786,16.25,1.25,602984.69
10122,Central,NeuroCalm,Hospital,Q4,51,133225.6,223,7617,439907.22,1.2,0.76,12.54,0.52,746259.18
10123,South,Immunex,Hospital,Q1,47,159199.99,258,13804,434385.92,0.76,0.772,1.74,1.02,1321160.86
10124,North,Respira,Retail Pharmacy,Q3,58,17081.66,204,5548,185669.66,1.19,0.771,4.93,1.03,334679.73
10125,North,Respira,Specialty Pharmacy,Q1,75,77600.09,379,11643,433263.65,0.83,0.864,5.76,0.9,927444.08
10126,South,Respira,Specialty Pharmacy,Q4,57,139592.54,311,8763,161647.06,0.77,0.957,13.74,0.8,939502.88
10127,West,Immunex,Retail Pharmacy,Q1,23,87336.21,354,2190,105644.6,0.62,0.742,14.44,1.18,764107.99
10128,Central,Immunex,Hospital,Q4,48,55432.95,239,14079,464857.64,1.22,0.918,6.93,0.71,1022656.25
10129,North,NeuroCalm,Clinic,Q1,22,47366.91,135,10036,100333.31,1.19,0.903,7.52,1.3,419872.93
10130,East,DiabeSafe,Retail Pharmacy,Q3,17,32358.11,332,14942,648083.72,0.76,0.964,0.8,1.3,1001606.68
10131,South,NeuroCalm,Retail Pharmacy,Q3,69,155712.03,68,3803,143740.49,1.22,0.788,5.2,0.92,478107.75
10132,North,OncoPlus,Hospital,Q1,11,107810.42,192,3613,398367.95,1.38,0.846,8.12,0.78,1003985.35
10133,North,CardioCare,Specialty Pharmacy,Q1,15,22985.44,101,9574,285052.23,0.65,0.979,2.11,0.78,518001.45
10134,South,Respira,Specialty Pharmacy,Q3,35,75038.66,341,12926,108359.58,0.76,0.905,8.16,0.98,725057.94
10135,Central,DiabeSafe,Hospital,Q4,33,72514.72,352,11354,47263.22,1.23,0.829,15.36,1.22,847965.38
10136,South,CardioCare,Hospital,Q3,16,40895.66,64,8350,416094.02,0.8,0.757,10.46,0.86,639249.89
10137,East,DiabeSafe,Specialty Pharmacy,Q4,34,84036.3,354,6916,530189.69,1.11,0.793,1.42,1.11,1079864.47
10138,West,NeuroCalm,Retail Pharmacy,Q1,66,66456.89,39,2004,552049.71,0.62,0.883,3.45,0.88,395696.33
10139,South,Immunex,Hospital,Q1,40,68106.63,240,11155,329282.35,0.96,0.921,8.54,0.8,1019552.24
10140,Central,Respira,Clinic,Q4,28,135634.51,142,11245,512022.39,1.22,0.755,6.51,0.52,606609.41
10141,Central,NeuroCalm,Hospital,Q1,47,47954.78,253,9424,447165.22,1.17,0.888,6.46,0.5,667871.45
10142,South,CardioCare,Retail Pharmacy,Q4,39,119116.19,240,10440,479037.81,1.28,0.874,9.53,0.73,840282.6
10143,East,CardioCare,Clinic,Q2,70,107010.44,342,4424,335411.38,1.34,0.864,10.52,0.91,742536.72
10144,South,CardioCare,Retail Pharmacy,Q3,73,106575.73,358,9115,422715.28,1.25,0.913,14.34,1.35,856473.84
10145,South,CardioCare,Retail Pharmacy,Q2,20,122711.25,22,12170,529426.07,1.15,0.954,6.14,1.3,713700.26
10146,North,CardioCare,Retail Pharmacy,Q4,1,103224.95,201,10283,276688.19,0.58,0.81,14.5,0.77,619619.07
10147,East,DiabeSafe,Hospital,Q3,72,159473.37,225,4985,529706.92,1.03,0.969,6.1,0.74,1296129.7
10148,East,NeuroCalm,Clinic,Q4,63,124848.62,339,13129,397050.44,0.58,0.765,1.0,0.73,651748.59
10149,North,Respira,Retail Pharmacy,Q3,67,102983.75,59,13733,132858.64,1.28,0.768,9.98,0.84,391216.82
10150,South,Immunex,Clinic,Q3,4,151059.73,78,13401,45304.18,0.84,0.795,10.58,1.0,740538.86
10151,Central,Immunex,Hospital,Q3,58,113044.92,81,8600,254907.23,1.06,0.753,16.82,0.94,785201.19
10152,North,NeuroCalm,Hospital,Q3,25,59494.52,151,9184,368951.72,0.8,0.784,13.07,0.72,592368.87
10153,North,NeuroCalm,Hospital,Q4,47,45206.14,79,691,550688.62,1.25,0.75,16.52,0.63,526936.2
10154,East,Immunex,Retail Pharmacy,Q3,38,35895.72,391,9190,109041.12,1.35,0.95,16.35,0.51,624378.89
10155,Central,Immunex,Retail Pharmacy,Q3,15,162907.39,350,5417,526127.94,0.91,0.759,10.88,0.65,1083288.17
10156,South,DiabeSafe,Clinic,Q2,63,130723.02,141,6331,565065.61,1.33,0.929,9.5,1.21,612382.89
10157,West,OncoPlus,Retail Pharmacy,Q1,21,169354.33,126,9948,123426.24,0.79,0.733,10.03,0.74,870910.37
10158,West,Respira,Clinic,Q1,57,112559.61,115,10660,557988.48,1.03,0.986,17.61,0.97,551103.55
10159,North,CardioCare,Hospital,Q2,53,90478.15,366,4822,644701.21,1.32,0.919,13.92,1.09,1171382.7
10160,West,OncoPlus,Clinic,Q2,46,20151.8,433,14182,480640.08,0.84,0.722,1.91,1.39,993954.56
10161,South,NeuroCalm,Specialty Pharmacy,Q4,14,124179.19,254,10878,516557.2,1.41,0.934,14.01,1.39,863637.31
10162,West,Immunex,Specialty Pharmacy,Q4,76,108975.49,405,7499,646537.47,0.66,0.864,3.07,1.25,1367864.4
10163,West,OncoPlus,Clinic,Q4,17,178335.51,81,9508,405398.38,0.57,0.938,8.05,0.54,764555.62
10164,East,Respira,Specialty Pharmacy,Q2,39,50656.99,275,11912,220889.56,1.36,0.866,3.79,1.08,764979.19
10165,North,NeuroCalm,Retail Pharmacy,Q2,9,100225.35,68,7782,549269.12,0.61,0.899,12.41,1.29,615206.95
10166,West,CardioCare,Hospital,Q3,77,120662.75,412,10165,410981.18,1.44,0.94,15.79,0.52,1125329.5
10167,South,CardioCare,Hospital,Q4,79,119580.5,367,9778,390341.16,1.41,0.833,5.23,1.05,1141357.17
10168,North,Respira,Clinic,Q4,6,105419.9,178,12891,187254.04,0.67,0.721,1.48,1.36,431519.71
10169,North,Respira,Retail Pharmacy,Q4,23,142077.76,143,2374,498927.25,1.03,0.958,5.37,0.97,752672.58
10170,East,Immunex,Specialty Pharmacy,Q1,59,44846.81,336,9562,80633.71,0.72,0.827,12.1,0.5,771818.73
10171,West,CardioCare,Retail Pharmacy,Q3,46,133356.62,226,5263,603057.98,0.94,0.859,5.92,0.51,802187.37
10172,North,NeuroCalm,Hospital,Q4,38,115354.88,67,10734,232010.55,0.61,0.722,5.01,0.92,622432.29
10173,East,OncoPlus,Hospital,Q4,14,162332.77,428,8964,109220.28,0.75,0.858,3.32,0.66,1319490.23
10174,North,NeuroCalm,Specialty Pharmacy,Q4,72,154023.05,439,9721,304267.25,0.88,0.996,8.96,1.16,917944.83
10175,West,DiabeSafe,Retail Pharmacy,Q1,62,63575.0,155,11910,56331.34,0.94,0.798,4.97,1.21,541661.37
10176,North,DiabeSafe,Hospital,Q1,35,56960.35,220,12761,454468.24,1.43,0.831,13.16,0.68,921980.95
10177,West,Respira,Retail Pharmacy,Q2,19,176881.07,269,1551,589677.42,1.28,0.912,1.38,1.39,908056.78
10178,South,Immunex,Hospital,Q3,30,99635.08,333,12725,549103.06,1.21,0.948,11.95,0.94,1285083.91
10179,Central,DiabeSafe,Retail Pharmacy,Q2,78,164091.56,376,10265,108969.07,1.03,0.837,4.28,0.64,885321.43
10180,North,CardioCare,Hospital,Q3,25,37859.77,387,11882,108288.11,1.31,0.807,8.81,1.26,825790.61
10181,South,NeuroCalm,Specialty Pharmacy,Q1,40,119279.22,448,13080,534329.38,0.86,0.983,5.15,1.29,1143976.29
10182,North,NeuroCalm,Hospital,Q4,14,147676.23,337,8038,603037.65,1.19,0.91,13.01,1.14,1027179.14
10183,Central,Respira,Retail Pharmacy,Q2,26,171057.19,314,7911,315615.29,1.44,0.753,17.02,1.35,838643.94
10184,Central,OncoPlus,Hospital,Q4,22,67347.82,333,12489,339362.09,0.83,0.739,16.51,1.24,1295272.72
10185,South,Respira,Hospital,Q2,48,133246.8,228,11981,227322.47,1.16,0.855,10.5,1.38,876370.21
10186,West,OncoPlus,Retail Pharmacy,Q1,51,101598.21,374,6820,584444.37,1.31,0.782,8.33,0.93,1161710.66
10187,West,Respira,Retail Pharmacy,Q1,3,20306.92,230,12439,429839.8,1.37,0.791,14.73,1.25,583500.13
10188,East,Respira,Retail Pharmacy,Q1,42,127299.96,211,2605,208715.98,1.2,0.966,12.3,1.5,602337.91
10189,East,Respira,Hospital,Q2,19,127316.41,63,14080,215245.38,0.81,0.745,3.3,1.22,778441.34
10190,South,OncoPlus,Specialty Pharmacy,Q3,73,168203.16,48,807,582544.05,0.84,0.92,14.78,0.61,1107805.68
10191,North,OncoPlus,Clinic,Q2,28,94543.12,78,8237,38453.09,0.57,0.796,7.72,1.02,432094.25
10192,Central,Respira,Specialty Pharmacy,Q3,45,49142.66,90,3859,230090.48,1.23,0.933,3.4,1.09,436251.71
10193,Central,DiabeSafe,Hospital,Q2,71,17575.85,111,13764,373701.14,0.59,0.922,5.07,0.67,690963.4
10194,West,Immunex,Retail Pharmacy,Q2,78,80659.17,284,3676,121894.83,1.33,0.722,4.82,1.46,684187.63
10195,South,Immunex,Hospital,Q1,63,61325.84,402,1751,87101.23,0.66,0.863,9.35,0.68,830570.92
10196,South,Immunex,Hospital,Q4,73,139385.01,239,5866,535471.33,0.7,0.759,4.22,0.68,1191720.04
10197,West,OncoPlus,Clinic,Q4,19,70225.52,409,11439,584530.72,0.98,0.963,2.22,1.42,1062453.52
10198,Central,OncoPlus,Hospital,Q3,47,171342.1,432,2017,540635.98,1.21,0.964,2.23,0.97,1694653.62
10199,Central,DiabeSafe,Retail Pharmacy,Q4,14,173592.73,420,6726,587248.49,0.68,0.837,10.5,0.56,1147782.78
10200,West,Immunex,Retail Pharmacy,Q2,38,115554.46,419,5805,372929.42,0.95,0.844,13.23,1.1,1018992.02
10201,West,Immunex,Specialty Pharmacy,Q2,53,167872.25,234,10070,533600.04,0.98,0.805,5.79,1.1,1272485.17
10202,North,Respira,Retail Pharmacy,Q1,61,139345.24,406,6369,268106.44,0.74,0.921,0.62,0.56,813426.18
10203,North,OncoPlus,Hospital,Q1,36,102966.14,296,8539,443086.07,0.65,0.82,2.29,1.47,1292354.89
10204,Central,Immunex,Hospital,Q4,40,40652.35,83,14507,643078.03,1.3,0.795,16.46,1.04,879956.04
10205,East,NeuroCalm,Retail Pharmacy,Q3,30,87961.65,365,14830,169951.19,1.0,0.841,8.88,1.06,732293.51
10206,North,DiabeSafe,Hospital,Q4,9,105348.66,311,5391,271737.84,0.56,0.746,8.16,1.02,999401.56
10207,North,NeuroCalm,Retail Pharmacy,Q4,64,156873.47,264,5492,327629.37,1.27,0.929,0.68,1.11,659355.99
10208,West,NeuroCalm,Hospital,Q4,33,91826.67,81,2461,115569.6,1.43,0.724,13.12,0.76,405828.65
10209,North,DiabeSafe,Hospital,Q4,52,162604.69,445,12997,80243.94,1.1,0.9,9.51,0.79,1163056.72
10210,North,NeuroCalm,Retail Pharmacy,Q2,14,124639.33,351,3363,544428.18,1.0,0.771,3.64,1.01,752703.39
10211,East,Immunex,Hospital,Q3,75,33289.84,189,11348,635612.51,1.34,0.785,1.98,1.31,961927.73
10212,West,OncoPlus,Retail Pharmacy,Q2,53,179146.83,288,11186,280929.54,1.41,0.898,6.9,0.55,1133069.11
10213,West,DiabeSafe,Specialty Pharmacy,Q3,59,99629.55,286,7103,84342.9,1.23,0.998,15.07,1.1,822453.22
10214,North,Respira,Specialty Pharmacy,Q1,78,76615.91,73,13755,70803.29,0.95,0.938,15.58,1.31,551353.41
10215,West,NeuroCalm,Hospital,Q4,41,122049.34,35,5067,582617.29,1.08,0.783,10.85,0.66,632113.02
10216,North,DiabeSafe,Hospital,Q2,68,28511.86,27,7013,317564.83,1.18,0.769,13.1,0.52,526803.49
10217,South,CardioCare,Hospital,Q3,68,118211.57,123,4505,228416.94,0.72,0.963,2.07,0.81,680136.91
10218,West,CardioCare,Retail Pharmacy,Q1,8,94700.12,78,12255,325405.99,0.95,0.844,10.59,1.09,571098.26
10219,West,OncoPlus,Specialty Pharmacy,Q1,2,79134.59,332,9614,227348.54,1.3,0.758,12.01,0.64,1006844.03
10220,West,Immunex,Hospital,Q4,41,172013.4,59,12924,333202.18,1.14,0.961,3.61,0.93,1126609.59
10221,West,OncoPlus,Clinic,Q3,55,98831.75,256,13154,562924.97,0.92,0.949,15.84,1.05,1008760.0
10222,East,OncoPlus,Hospital,Q2,16,47249.97,405,11651,397226.85,1.15,0.995,3.51,1.1,1128814.59
10223,North,OncoPlus,Retail Pharmacy,Q4,62,88023.79,113,683,460685.34,0.66,0.975,5.64,0.77,731516.75
10224,South,OncoPlus,Specialty Pharmacy,Q2,48,166295.86,241,8255,256095.82,0.91,0.959,11.17,0.9,1251062.59
10225,South,Respira,Clinic,Q1,30,39936.23,223,3858,487873.64,1.26,0.735,11.49,1.28,436651.81
10226,South,Respira,Specialty Pharmacy,Q2,12,46372.7,157,7115,443302.59,0.75,0.749,12.59,1.44,709579.57
10227,Central,DiabeSafe,Specialty Pharmacy,Q2,35,12215.03,319,10090,104128.44,0.72,0.879,2.02,1.36,693641.24
10228,South,CardioCare,Hospital,Q4,11,12412.31,414,7297,385038.57,1.41,0.869,15.29,1.06,959913.54
10229,Central,OncoPlus,Specialty Pharmacy,Q2,64,150996.58,226,11488,189180.97,0.74,0.848,9.59,0.91,1120796.0
10230,West,DiabeSafe,Hospital,Q4,50,134460.84,355,9228,528539.32,0.78,0.831,8.48,0.83,1244808.17
10231,West,CardioCare,Clinic,Q1,21,70356.98,100,8178,294081.38,1.42,0.841,17.66,0.62,470913.43
10232,East,NeuroCalm,Retail Pharmacy,Q4,69,128712.9,237,6198,646704.18,1.21,0.879,13.33,0.61,740734.7
10233,East,Immunex,Specialty Pharmacy,Q4,48,77185.01,21,1773,87350.27,1.18,0.721,2.12,1.19,414840.39
10234,East,Respira,Retail Pharmacy,Q3,20,171992.46,197,11659,513815.67,1.32,0.793,13.62,0.76,887161.76
10235,North,NeuroCalm,Retail Pharmacy,Q2,67,174398.96,415,7153,447695.07,0.65,0.865,1.71,0.75,892184.57
10236,West,CardioCare,Retail Pharmacy,Q1,44,76774.94,390,11741,505849.27,1.19,0.922,0.49,1.5,831636.62
10237,South,NeuroCalm,Specialty Pharmacy,Q4,33,155217.72,365,1596,220668.47,1.0,0.769,7.27,0.69,810831.17
10238,North,Immunex,Hospital,Q1,73,141425.14,298,9997,335073.78,1.3,0.873,17.88,0.65,1219450.38
10239,West,CardioCare,Hospital,Q3,61,62699.99,165,9607,523835.28,1.01,0.92,3.15,0.6,908648.86
10240,North,NeuroCalm,Hospital,Q2,9,49446.77,337,11773,174175.63,1.11,0.844,12.11,1.08,621140.23
10241,Central,Respira,Hospital,Q4,68,87899.89,243,8502,170140.58,0.98,0.728,3.12,1.13,715591.86
10242,Central,Respira,Clinic,Q2,35,142829.3,388,4747,371651.59,0.98,0.846,13.05,0.87,707289.15
10243,Central,DiabeSafe,Hospital,Q3,65,173228.52,403,9720,354609.42,1.24,0.803,9.1,1.04,1268624.21
10244,South,NeuroCalm,Clinic,Q3,8,139808.44,81,5814,205002.73,1.12,0.98,12.24,1.29,474269.56
10245,North,OncoPlus,Hospital,Q1,45,155385.19,313,10669,214806.9,1.12,0.755,3.65,1.32,1316573.5
10246,Central,NeuroCalm,Hospital,Q4,47,112520.93,258,3854,202264.0,0.96,0.903,13.42,1.46,790343.98
10247,South,CardioCare,Specialty Pharmacy,Q1,40,152019.33,214,11203,508337.48,1.03,0.735,17.92,1.32,1075313.65
10248,Central,CardioCare,Retail Pharmacy,Q3,76,143351.55,185,770,434178.54,1.22,0.845,11.98,1.06,693860.63
10249,Central,NeuroCalm,Retail Pharmacy,Q2,54,74087.54,241,1686,546098.65,1.29,0.875,8.88,0.68,569771.83
10250,Central,Immunex,Retail Pharmacy,Q1,76,103838.35,80,13247,634793.28,1.18,0.803,16.62,0.6,874488.54
10251,South,Respira,Specialty Pharmacy,Q1,46,146808.03,148,12892,323981.86,1.38,0.847,0.29,0.55,706298.98
10252,South,CardioCare,Hospital,Q2,47,17829.64,192,12456,71350.21,1.29,0.766,13.14,1.17,398353.83
10253,Central,Respira,Clinic,Q1,15,147373.48,175,14498,59817.23,1.06,0.805,16.0,1.31,549263.37
10254,South,CardioCare,Clinic,Q2,19,40240.98,424,6805,213312.32,1.15,0.894,1.11,1.01,607295.46
10255,North,DiabeSafe,Retail Pharmacy,Q4,26,97496.21,397,2898,608177.65,1.38,0.805,8.1,0.55,970292.99
10256,East,OncoPlus,Hospital,Q2,52,147406.82,129,13221,354392.09,1.11,0.972,3.68,1.04,1174778.14
10257,Central,CardioCare,Specialty Pharmacy,Q4,22,53149.58,288,7495,198507.64,1.29,0.896,10.2,1.44,719709.96
10258,West,Respira,Hospital,Q2,21,51787.26,430,12927,277483.41,1.17,0.843,11.69,1.1,964983.97
10259,East,DiabeSafe,Hospital,Q3,51,78469.95,375,14282,401128.97,1.05,0.731,5.45,1.31,1069655.36
10260,North,CardioCare,Hospital,Q3,38,162089.28,410,7799,434828.79,0.77,0.86,8.28,1.3,1302168.61
10261,East,Immunex,Retail Pharmacy,Q4,20,10075.27,297,4682,125430.1,0.93,0.934,5.03,1.43,560204.03
10262,Central,OncoPlus,Clinic,Q4,29,163235.13,93,10403,635759.64,1.42,0.794,6.65,1.27,979707.28
10263,North,CardioCare,Specialty Pharmacy,Q3,51,36147.19,226,2730,367758.78,1.14,0.946,2.87,1.25,701828.11
10264,East,DiabeSafe,Specialty Pharmacy,Q4,4,178314.68,407,7011,114126.76,1.06,0.791,15.94,0.73,1014200.78
10265,Central,Immunex,Retail Pharmacy,Q2,55,172323.99,298,628,584053.86,1.39,0.951,0.18,0.56,1073581.56
10266,West,NeuroCalm,Retail Pharmacy,Q2,71,94094.78,394,9961,76275.83,1.08,0.744,15.88,1.02,619607.46
10267,West,DiabeSafe,Retail Pharmacy,Q3,28,97162.44,345,4172,592795.97,1.02,0.963,10.29,0.62,828621.27
10268,West,DiabeSafe,Clinic,Q1,4,91863.39,359,10293,647870.71,1.23,0.86,5.97,1.46,895366.79
10269,South,Immunex,Hospital,Q2,22,118025.42,376,5265,464267.72,1.19,0.803,13.02,0.79,1244042.56
10270,South,DiabeSafe,Clinic,Q4,76,25422.69,359,4470,507677.28,0.72,0.794,9.14,1.35,826628.33
10271,West,Immunex,Retail Pharmacy,Q1,45,15545.05,223,8045,239127.76,0.97,0.841,8.98,0.89,583589.65
10272,West,CardioCare,Retail Pharmacy,Q1,67,19809.5,180,12936,613777.65,0.98,1.0,1.98,0.82,622558.42
10273,Central,Immunex,Specialty Pharmacy,Q2,66,85542.11,47,13772,358422.66,0.89,0.782,7.01,1.44,740336.53
10274,Central,Immunex,Retail Pharmacy,Q2,34,56843.15,411,13639,484080.84,1.02,0.749,4.34,0.86,1037995.89
10275,East,OncoPlus,Clinic,Q1,55,115746.73,276,6052,602946.78,0.92,0.884,0.28,0.89,917692.93
10276,East,Immunex,Clinic,Q1,1,178715.19,184,1127,634611.59,0.73,0.857,6.48,0.61,745089.61
10277,West,Immunex,Retail Pharmacy,Q3,72,75674.94,82,12489,546586.7,0.92,0.867,1.62,1.17,827224.76
10278,West,NeuroCalm,Hospital,Q4,38,107553.01,41,14280,217870.85,0.62,0.907,4.62,0.79,540221.27
10279,West,CardioCare,Retail Pharmacy,Q3,6,80652.66,89,7089,629259.46,1.07,0.795,1.67,1.09,728487.75
10280,West,OncoPlus,Clinic,Q2,25,154036.18,400,2544,419434.11,1.32,0.975,1.82,1.09,962953.75
10281,Central,NeuroCalm,Hospital,Q3,17,163380.19,424,12244,606998.34,1.2,0.842,3.58,1.22,1245538.61
10282,South,Respira,Retail Pharmacy,Q3,61,159150.45,115,13671,449185.12,0.87,0.756,18.0,1.25,820401.2
10283,South,CardioCare,Retail Pharmacy,Q3,12,175643.28,182,2841,220488.16,0.63,0.928,0.04,1.01,667358.74
10284,North,CardioCare,Specialty Pharmacy,Q3,6,14678.26,98,6384,259415.2,0.73,0.9,11.5,0.83,378930.18
10285,East,Respira,Hospital,Q4,27,152768.75,24,11906,371292.5,1.04,0.808,2.54,1.34,881912.83
10286,North,Immunex,Specialty Pharmacy,Q4,8,137801.27,335,8685,519809.2,0.74,0.894,16.57,0.81,1244557.44
10287,East,NeuroCalm,Clinic,Q1,65,48878.05,139,749,227149.18,1.04,0.782,1.69,1.01,265464.85
10288,East,DiabeSafe,Hospital,Q2,57,172574.42,321,3425,389433.32,0.76,0.845,17.19,0.9,1297695.75
10289,South,OncoPlus,Hospital,Q3,40,35190.25,197,5543,244287.5,1.31,0.972,11.0,1.36,885342.87
10290,East,DiabeSafe,Clinic,Q1,14,125523.49,195,1474,535777.03,0.91,0.757,0.02,0.93,736973.69
10291,North,Respira,Hospital,Q1,35,48231.34,409,10017,319371.42,0.77,0.828,16.09,0.89,869697.0
10292,North,CardioCare,Clinic,Q1,48,83334.71,236,7692,77568.15,1.28,0.95,9.39,1.19,603616.07
10293,West,CardioCare,Retail Pharmacy,Q4,56,132257.18,75,9675,132952.56,0.86,0.991,4.73,1.1,507221.04
10294,South,OncoPlus,Hospital,Q3,49,105765.19,385,9580,67884.89,0.65,0.847,13.81,0.61,1126312.71
10295,North,CardioCare,Clinic,Q3,13,82675.31,206,11629,339567.83,1.06,0.862,16.68,1.01,629304.87
10296,East,CardioCare,Retail Pharmacy,Q2,61,65477.53,251,10809,95929.12,1.07,0.88,8.71,1.24,669894.08
10297,West,OncoPlus,Retail Pharmacy,Q3,49,152742.14,274,3172,100766.78,1.19,0.981,5.68,1.49,948640.37
10298,North,NeuroCalm,Retail Pharmacy,Q3,46,34448.44,432,13662,613449.92,0.77,0.96,14.2,1.13,803031.54
10299,West,NeuroCalm,Retail Pharmacy,Q1,62,83117.49,123,7779,571046.14,0.95,0.768,12.27,0.87,563274.67
10300,North,OncoPlus,Hospital,Q2,8,163638.79,96,8031,310293.69,0.8,0.842,16.0,0.73,1153319.34
10301,North,Respira,Retail Pharmacy,Q3,43,153794.42,249,10018,641199.3,0.62,0.85,12.47,1.37,964575.38
10302,East,CardioCare,Clinic,Q4,20,78160.1,421,9162,30115.65,1.34,0.941,4.38,1.31,552161.48
10303,East,CardioCare,Hospital,Q3,39,139728.42,277,2487,410667.26,1.21,0.889,16.77,0.73,969061.99
10304,West,Respira,Retail Pharmacy,Q1,49,149937.34,283,590,412185.47,0.82,0.903,1.89,0.7,687169.21
10305,West,NeuroCalm,Hospital,Q4,64,161110.86,350,9221,313614.69,1.09,0.999,4.82,1.22,926138.59
10306,Central,Immunex,Specialty Pharmacy,Q1,62,102565.98,201,13448,276107.74,0.73,0.741,9.36,0.81,982752.69
10307,East,Immunex,Hospital,Q3,54,44758.35,400,4559,312337.54,1.35,0.782,10.18,0.81,986132.66
10308,South,Immunex,Clinic,Q4,9,53402.54,275,13526,287275.47,0.65,0.834,0.28,0.65,644918.2
10309,West,NeuroCalm,Retail Pharmacy,Q2,37,60268.09,57,3273,482905.34,0.55,0.817,14.05,0.76,459156.33
10310,South,NeuroCalm,Hospital,Q2,49,110946.42,195,13659,113920.37,1.0,0.726,6.51,0.93,656777.89
10311,South,Respira,Hospital,Q4,41,15577.64,46,10378,152536.32,1.07,0.746,7.32,1.23,294832.04
10312,North,CardioCare,Hospital,Q4,17,118127.22,295,8883,141921.3,1.07,0.911,14.57,0.84,928058.09
10313,North,Respira,Retail Pharmacy,Q1,21,71940.22,159,10678,192731.76,0.6,0.966,6.83,0.83,459595.45
10314,Central,Respira,Hospital,Q4,51,60191.11,318,12315,355660.22,0.83,0.864,0.85,0.78,815404.34
10315,West,NeuroCalm,Specialty Pharmacy,Q1,59,159514.42,306,7909,98949.42,1.0,0.871,3.18,0.98,715534.48
10316,West,Immunex,Retail Pharmacy,Q3,39,88200.41,110,10877,568264.96,0.74,0.791,17.21,0.68,816676.91
10317,South,DiabeSafe,Hospital,Q1,55,26159.02,80,4940,214364.15,1.34,0.935,1.27,0.99,496882.06
10318,North,CardioCare,Retail Pharmacy,Q4,41,150546.95,384,7847,130773.55,0.63,0.931,6.39,1.2,810715.49
10319,North,NeuroCalm,Specialty Pharmacy,Q4,39,18099.01,366,1508,448885.21,0.99,0.885,9.06,0.53,653677.99
10320,South,Immunex,Hospital,Q3,13,133547.37,182,4283,53613.51,1.17,0.78,8.88,0.51,681380.99
10321,East,DiabeSafe,Hospital,Q4,64,141564.06,370,7146,414380.51,0.79,0.747,0.07,0.58,1250510.97
10322,West,DiabeSafe,Hospital,Q4,11,69942.44,162,4798,462883.03,1.11,0.738,9.02,1.04,750073.58
10323,West,NeuroCalm,Specialty Pharmacy,Q2,19,150213.94,419,5168,163248.25,1.3,0.886,6.91,1.35,775521.89
10324,South,OncoPlus,Specialty Pharmacy,Q2,11,97662.1,272,4787,56017.73,0.72,0.951,17.5,0.5,831421.71
10325,Central,CardioCare,Retail Pharmacy,Q3,77,88759.92,288,2552,255460.12,1.38,0.96,2.86,1.44,642816.13
10326,West,DiabeSafe,Clinic,Q1,46,17718.56,388,6509,91128.42,1.05,0.85,6.37,0.61,475654.21
10327,East,NeuroCalm,Specialty Pharmacy,Q2,45,59304.96,310,12000,102216.27,0.82,0.94,7.55,1.34,609844.53
10328,East,NeuroCalm,Retail Pharmacy,Q1,1,168271.7,206,2216,187641.96,0.94,0.985,7.03,0.98,568766.93
10329,South,Immunex,Clinic,Q4,40,76610.07,424,810,213190.11,0.83,0.797,11.98,1.16,762087.93
10330,South,OncoPlus,Hospital,Q2,19,102939.09,433,14891,358581.61,1.2,0.831,3.88,1.01,1455231.12
10331,South,CardioCare,Hospital,Q3,76,100443.69,323,5038,450602.97,1.27,0.981,3.98,0.98,1046865.71
10332,West,Respira,Hospital,Q3,72,110373.29,310,1760,397517.98,1.3,0.815,13.13,1.33,842251.15
10333,North,Immunex,Hospital,Q3,72,20426.26,105,13657,121983.41,1.44,0.976,9.01,1.26,581888.3
10334,North,DiabeSafe,Retail Pharmacy,Q2,61,71569.96,185,4432,136693.34,1.26,0.995,7.47,0.98,505683.04
10335,North,DiabeSafe,Clinic,Q1,12,132931.81,434,11960,574836.93,1.09,0.905,3.05,0.61,976423.28
10336,North,Immunex,Hospital,Q4,61,44095.24,427,1084,376178.44,0.86,0.949,3.38,0.62,957341.58
10337,Central,NeuroCalm,Hospital,Q1,33,44608.32,133,14382,569361.46,1.04,0.93,0.19,1.3,666721.84
10338,West,DiabeSafe,Retail Pharmacy,Q1,45,11715.4,375,11491,260358.84,0.59,0.916,1.65,1.03,725075.74
10339,East,OncoPlus,Clinic,Q4,69,84371.93,435,14325,410928.0,1.22,0.806,10.02,0.98,1141468.57
10340,North,CardioCare,Hospital,Q4,8,160064.84,202,8116,354671.32,0.95,0.736,16.05,1.18,1016957.42
10341,East,OncoPlus,Retail Pharmacy,Q2,25,18823.16,226,9051,227856.56,0.57,0.816,5.17,1.36,698945.56
10342,East,DiabeSafe,Hospital,Q2,46,42490.18,275,14511,321347.53,0.61,0.907,5.9,1.13,982033.67
10343,North,Respira,Hospital,Q2,30,62714.37,254,3366,341544.34,0.9,0.749,2.08,1.26,727596.28
10344,South,CardioCare,Clinic,Q2,47,134393.21,374,14865,154478.0,1.08,0.723,7.0,1.27,785940.69
10345,South,CardioCare,Clinic,Q2,49,118908.05,22,6398,225306.43,0.97,0.759,0.67,0.86,416820.27
10346,East,Immunex,Hospital,Q4,47,80710.46,227,2511,520674.05,1.11,0.92,16.52,0.77,996568.25
10347,West,Immunex,Clinic,Q1,18,139041.72,216,6751,597788.71,0.98,0.992,12.12,1.3,829742.34
10348,North,Respira,Retail Pharmacy,Q2,66,113637.27,360,5439,253072.34,1.15,0.995,17.83,0.88,747907.09
10349,South,NeuroCalm,Clinic,Q2,68,162326.94,144,4506,220322.81,0.75,0.858,15.89,1.4,547722.53
10350,West,CardioCare,Retail Pharmacy,Q1,33,149064.55,157,2125,151022.24,0.65,0.963,8.51,0.57,637446.24
10351,East,Respira,Retail Pharmacy,Q2,36,52978.31,358,11456,450664.52,1.09,0.926,9.35,0.56,675658.46
10352,Central,Immunex,Retail Pharmacy,Q1,19,56144.56,44,1390,230321.82,0.99,0.86,3.43,1.43,474434.8
10353,West,Immunex,Specialty Pharmacy,Q1,28,31310.6,87,14779,642404.71,0.57,0.88,8.32,1.15,967090.61
10354,North,CardioCare,Hospital,Q4,40,67284.0,80,6578,231924.58,0.89,0.758,16.25,0.88,533636.3
10355,North,OncoPlus,Hospital,Q3,76,179922.47,48,13747,274364.35,0.65,0.983,0.92,1.26,1167174.97
10356,West,DiabeSafe,Hospital,Q4,15,78977.7,402,14256,404067.2,1.03,0.819,15.54,1.17,1253372.76
10357,North,Immunex,Specialty Pharmacy,Q3,41,47483.03,38,7536,527044.26,0.91,0.845,6.14,1.03,681613.21
10358,East,NeuroCalm,Hospital,Q3,39,139622.09,190,14249,321101.57,1.1,0.908,16.19,0.6,826801.49
10359,Central,NeuroCalm,Specialty Pharmacy,Q3,2,102220.07,93,9423,292046.74,1.28,0.813,16.94,1.31,585612.6
10360,East,Immunex,Clinic,Q2,63,35432.25,80,4461,647295.46,0.82,0.791,12.08,1.37,633820.08
10361,South,OncoPlus,Hospital,Q4,29,74717.25,446,13393,36506.06,1.42,0.897,11.96,0.67,1118388.04
10362,West,OncoPlus,Specialty Pharmacy,Q3,74,80459.85,172,3004,584940.48,1.03,0.727,8.15,1.35,1152004.34
10363,South,Respira,Retail Pharmacy,Q1,66,138151.05,295,9306,122467.31,1.11,0.922,15.04,1.38,647759.02
10364,East,NeuroCalm,Clinic,Q2,51,13514.13,67,4306,517273.67,1.16,0.864,17.31,1.05,310029.69
10365,Central,Respira,Hospital,Q4,75,55733.34,230,6600,413117.57,1.15,0.89,13.95,1.16,849951.95
10366,South,NeuroCalm,Specialty Pharmacy,Q3,77,97991.37,362,2219,241945.32,1.01,0.897,11.19,0.88,840689.13
10367,Central,DiabeSafe,Specialty Pharmacy,Q1,10,55703.95,427,13461,571802.47,0.94,0.868,10.92,0.78,1155998.57
10368,Central,DiabeSafe,Clinic,Q4,14,116833.79,158,14058,38002.48,0.6,0.883,15.29,1.22,653544.5
10369,North,CardioCare,Specialty Pharmacy,Q4,51,91917.47,129,7186,170548.2,0.57,0.911,9.74,1.36,646951.47
10370,North,Respira,Retail Pharmacy,Q2,73,71490.74,202,2087,381473.53,0.87,0.931,14.47,1.15,560345.8
10371,North,Immunex,Retail Pharmacy,Q4,39,171365.47,47,7500,247956.2,0.85,0.924,9.16,1.01,800227.81
10372,North,Respira,Clinic,Q2,28,117467.11,216,10303,408434.05,0.9,0.963,1.12,0.66,620612.86
10373,North,Immunex,Retail Pharmacy,Q3,3,32090.03,210,1396,44948.32,0.67,0.773,6.91,0.55,467654.77
10374,West,OncoPlus,Hospital,Q2,70,105215.59,334,6058,102204.54,1.21,0.832,8.0,0.95,1096162.16
10375,North,Respira,Clinic,Q1,27,142724.42,408,8969,108799.67,1.32,0.985,2.55,0.55,543301.82
10376,South,OncoPlus,Specialty Pharmacy,Q2,2,130443.25,70,5147,147355.86,1.39,0.831,1.84,1.07,726240.48
10377,West,DiabeSafe,Specialty Pharmacy,Q1,38,39255.17,168,10328,314785.49,0.99,0.755,9.64,0.88,748036.58
10378,North,DiabeSafe,Hospital,Q2,3,175311.4,287,10850,496319.79,1.18,0.867,1.53,1.26,1261621.18
10379,West,CardioCare,Retail Pharmacy,Q4,16,86298.32,69,2932,591434.08,1.32,0.751,5.45,0.81,586300.31
10380,South,Respira,Retail Pharmacy,Q3,40,37034.25,407,4404,547930.97,0.93,0.777,13.4,1.09,774541.49
10381,North,OncoPlus,Retail Pharmacy,Q1,2,40633.28,265,13548,152070.48,0.83,1.0,17.36,1.04,736275.11
10382,West,Immunex,Hospital,Q2,41,26699.95,132,11954,303513.34,1.39,0.872,12.92,0.5,674819.18
10383,West,DiabeSafe,Retail Pharmacy,Q2,12,146598.08,189,7337,153635.19,1.01,0.8,17.87,0.57,679681.64
10384,Central,DiabeSafe,Clinic,Q2,35,30745.18,185,1949,193972.53,1.0,0.999,12.57,0.79,368566.82
10385,West,Immunex,Hospital,Q4,65,31271.29,428,5000,342199.13,0.71,0.991,5.29,1.38,1128262.56
10386,West,OncoPlus,Clinic,Q4,55,154580.17,33,5954,72227.6,0.65,0.843,12.1,0.65,588271.65
10387,South,OncoPlus,Retail Pharmacy,Q1,45,68582.69,222,9924,165268.08,1.31,0.793,12.64,1.21,731334.37
10388,North,Respira,Clinic,Q1,79,15245.84,307,4617,609934.46,1.1,0.955,6.69,1.47,598598.36
10389,West,Respira,Specialty Pharmacy,Q4,62,18822.2,414,9369,318992.1,0.84,0.92,0.32,1.29,766720.37
10390,West,NeuroCalm,Retail Pharmacy,Q1,49,34168.98,208,11350,306139.65,0.72,0.912,12.66,0.74,457736.3
10391,Central,NeuroCalm,Specialty Pharmacy,Q3,25,46276.87,421,2528,39031.64,1.05,0.97,0.39,1.41,486678.63
10392,South,CardioCare,Clinic,Q3,23,123074.85,174,14019,183387.84,1.08,0.913,11.36,0.59,541281.94
10393,South,DiabeSafe,Retail Pharmacy,Q4,24,36745.47,74,14843,567101.31,0.74,0.799,2.95,0.97,618419.83
10394,West,Respira,Hospital,Q1,38,30208.65,201,7345,132069.63,1.32,0.914,10.18,1.39,537518.36
10395,South,OncoPlus,Specialty Pharmacy,Q2,28,140002.25,229,4258,287377.46,0.63,0.806,9.07,1.14,1139458.06
10396,Central,Immunex,Specialty Pharmacy,Q3,21,124079.4,395,6404,38885.16,0.87,0.933,0.24,0.91,884573.22
10397,Central,OncoPlus,Specialty Pharmacy,Q4,54,84005.12,94,5124,326568.0,1.16,0.894,6.53,0.79,810445.33
10398,South,DiabeSafe,Specialty Pharmacy,Q1,18,103382.66,296,10729,43033.09,0.8,0.742,10.82,0.88,741628.64
10399,West,NeuroCalm,Retail Pharmacy,Q4,36,63037.28,447,11341,538157.92,1.29,0.864,15.27,1.01,780615.51
10400,West,OncoPlus,Specialty Pharmacy,Q2,45,92025.07,152,14464,541409.34,1.22,0.816,16.0,0.82,1130414.99
10401,North,CardioCare,Hospital,Q3,73,96134.35,362,9348,518400.16,1.26,0.812,8.71,1.47,1235728.62
10402,Central,DiabeSafe,Retail Pharmacy,Q4,53,75830.34,444,665,205685.72,0.66,0.889,13.11,1.43,832521.42
10403,East,NeuroCalm,Hospital,Q4,30,164117.28,78,13636,549087.08,0.68,0.81,5.7,1.37,885985.59
10404,West,Immunex,Hospital,Q4,60,12730.52,364,5091,366658.84,0.81,0.938,6.16,0.92,888645.97
10405,South,NeuroCalm,Retail Pharmacy,Q2,32,142969.11,201,1089,261761.03,1.02,0.74,3.5,1.19,533915.11
10406,Central,CardioCare,Retail Pharmacy,Q4,67,31145.08,425,5024,417704.58,1.22,0.905,10.12,1.4,916959.96
10407,South,DiabeSafe,Specialty Pharmacy,Q2,67,145583.05,358,3321,37651.45,1.3,0.947,5.66,1.35,890749.65
10408,North,Immunex,Retail Pharmacy,Q2,28,114705.03,340,12950,118635.74,1.18,0.908,1.52,0.91,835955.78
10409,Central,CardioCare,Retail Pharmacy,Q2,44,153357.28,83,7009,490221.99,1.39,0.859,12.33,0.61,726050.7
10410,North,NeuroCalm,Hospital,Q3,79,26577.44,346,8193,181380.2,1.21,0.986,12.74,0.58,642224.41
10411,South,CardioCare,Retail Pharmacy,Q3,41,105026.71,279,9954,400765.65,0.83,0.804,6.48,1.08,870676.3
10412,Central,DiabeSafe,Hospital,Q4,63,95184.94,212,571,268763.61,0.79,0.725,1.38,1.14,772249.77
10413,Central,Respira,Hospital,Q4,23,130052.84,162,12208,559979.58,1.18,0.841,7.67,1.35,987214.84
10414,East,CardioCare,Retail Pharmacy,Q3,75,100829.39,123,13442,620497.49,0.72,0.729,7.96,0.79,972906.86
10415,West,CardioCare,Specialty Pharmacy,Q1,48,101924.88,425,4080,577810.13,0.63,0.987,12.04,0.67,1194880.63
10416,South,NeuroCalm,Retail Pharmacy,Q3,32,83031.31,233,8462,197784.4,1.03,0.779,5.68,0.88,583602.39
10417,South,NeuroCalm,Retail Pharmacy,Q2,57,62501.85,261,768,150380.98,1.29,0.941,12.29,0.85,460451.97
10418,South,Immunex,Retail Pharmacy,Q3,33,91984.94,450,10468,324149.63,0.64,0.937,15.69,0.63,943224.33
10419,West,NeuroCalm,Clinic,Q2,24,30143.7,228,2962,34547.17,1.26,0.781,4.27,1.17,289203.84
10420,West,OncoPlus,Retail Pharmacy,Q4,39,173457.27,112,9960,46001.82,1.28,0.894,17.62,1.01,779340.1
10421,West,DiabeSafe,Retail Pharmacy,Q1,34,131449.83,449,1515,373040.2,0.98,0.733,6.95,1.22,936889.02
10422,West,DiabeSafe,Hospital,Q4,56,171919.41,161,11414,352678.63,0.6,0.855,4.81,0.85,1067337.36
10423,North,Respira,Retail Pharmacy,Q2,28,48543.65,423,9775,646640.83,0.71,0.724,7.59,0.83,822554.5
10424,East,Respira,Retail Pharmacy,Q2,37,159487.97,131,12793,155141.94,1.19,0.978,1.7,0.97,534146.26
10425,North,DiabeSafe,Retail Pharmacy,Q2,7,147494.3,436,13769,190024.44,1.19,0.993,2.26,1.38,1132714.52
10426,East,Respira,Retail Pharmacy,Q1,68,125115.91,394,8484,100395.2,1.36,0.782,7.46,0.54,709667.94
10427,South,Immunex,Retail Pharmacy,Q3,37,116254.96,78,906,598876.67,1.07,0.778,13.72,1.3,802378.82
10428,Central,NeuroCalm,Retail Pharmacy,Q4,56,63813.44,62,7884,512242.97,0.66,0.931,16.21,0.87,520465.44
10429,South,DiabeSafe,Specialty Pharmacy,Q4,65,148789.83,226,6549,539850.25,0.66,0.791,11.97,1.35,1224626.31
10430,North,Respira,Specialty Pharmacy,Q3,65,95257.63,287,6669,589713.55,1.2,0.971,1.89,1.3,1038157.23
10431,North,DiabeSafe,Specialty Pharmacy,Q4,47,22051.57,315,8482,355437.99,0.72,0.881,12.1,0.85,868101.88
10432,West,OncoPlus,Clinic,Q1,20,63186.74,137,11768,309739.78,0.85,0.818,11.44,1.19,661989.55
10433,East,CardioCare,Hospital,Q4,19,169000.51,39,1485,234842.71,0.99,0.953,14.5,0.66,789407.49
10434,North,NeuroCalm,Hospital,Q2,29,154615.64,241,12295,395313.06,0.57,0.858,14.85,1.4,962027.08
10435,North,DiabeSafe,Hospital,Q3,74,176923.97,185,4985,311652.61,0.77,0.975,15.63,0.9,1086707.88
10436,West,CardioCare,Retail Pharmacy,Q1,60,116758.88,150,9401,309970.66,0.92,0.98,7.45,0.96,750382.43
10437,North,Respira,Clinic,Q3,18,52076.71,175,3118,610895.28,0.8,0.766,12.56,1.21,512940.54
10438,West,CardioCare,Hospital,Q1,35,37678.56,203,14259,640099.54,0.67,0.721,4.83,1.32,882974.16
10439,West,NeuroCalm,Clinic,Q2,43,41775.45,109,13541,523820.32,1.21,0.996,17.99,0.74,435714.84
10440,North,DiabeSafe,Hospital,Q3,11,13365.26,113,6789,499190.02,1.28,0.974,3.16,1.16,711762.61
10441,North,OncoPlus,Clinic,Q4,49,76415.96,32,10103,451946.06,0.78,0.736,0.18,0.89,651679.78
10442,Central,Respira,Retail Pharmacy,Q1,38,42542.71,341,7428,132966.41,1.25,0.953,2.68,0.87,584578.48
10443,South,DiabeSafe,Hospital,Q3,64,79981.43,312,5868,66645.61,0.9,0.848,13.97,1.19,808813.63
10444,South,NeuroCalm,Retail Pharmacy,Q4,69,168949.05,249,5121,458250.32,1.01,0.793,8.04,0.89,821743.47
10445,West,Respira,Hospital,Q3,8,83191.84,341,10177,481847.46,1.32,0.966,8.06,0.85,929004.14
10446,Central,Immunex,Hospital,Q3,34,159257.36,311,14848,59123.25,1.22,0.775,17.19,1.34,1173045.41
10447,Central,CardioCare,Hospital,Q3,48,112935.81,45,11642,605392.09,1.27,0.985,16.55,0.6,969109.32
10448,West,NeuroCalm,Specialty Pharmacy,Q1,56,52012.36,94,13343,86507.2,0.67,0.778,5.6,1.18,367443.22
10449,South,Immunex,Retail Pharmacy,Q4,76,70495.31,383,11626,207258.33,0.61,0.892,3.76,0.75,783749.6
10450,North,DiabeSafe,Hospital,Q2,65,24266.32,443,8066,446881.68,1.35,0.782,15.27,0.52,971222.51
10451,West,OncoPlus,Retail Pharmacy,Q1,31,66688.64,318,12806,135321.01,0.9,0.873,16.31,0.67,895779.09
10452,East,Respira,Specialty Pharmacy,Q1,4,125181.96,169,5170,64357.85,0.81,0.912,9.75,1.11,567212.67
10453,South,CardioCare,Hospital,Q1,50,22258.89,167,8158,235310.82,1.2,0.773,11.33,1.21,726078.89
10454,Central,Respira,Retail Pharmacy,Q2,69,44918.24,27,1503,504902.38,1.3,0.866,4.62,0.52,394123.83
10455,North,DiabeSafe,Hospital,Q4,30,74844.98,48,11158,286480.78,1.33,0.851,14.41,0.54,548496.34
10456,East,Respira,Hospital,Q4,59,176948.42,315,8004,434843.21,0.83,0.74,11.38,1.4,1081060.37
10457,North,CardioCare,Specialty Pharmacy,Q4,67,143426.51,433,2966,389363.84,1.32,0.949,9.06,0.57,1109320.64
10458,East,DiabeSafe,Hospital,Q3,75,134692.75,228,10630,43775.46,0.59,0.814,1.08,1.39,927982.31
10459,North,Respira,Retail Pharmacy,Q3,45,29752.46,147,2439,642894.79,0.59,0.881,16.49,0.73,519444.7
10460,North,OncoPlus,Specialty Pharmacy,Q3,4,142769.3,359,2135,55685.42,1.11,0.864,11.08,1.24,1100195.67
10461,North,NeuroCalm,Hospital,Q2,26,143495.7,135,10390,630037.7,0.61,0.864,3.47,0.81,924571.64
10462,West,DiabeSafe,Retail Pharmacy,Q3,27,112187.46,163,8595,370915.79,0.84,0.75,10.91,1.36,725732.53
10463,West,NeuroCalm,Hospital,Q2,46,178361.5,449,6765,627158.6,1.16,0.839,12.19,1.2,1321012.85
10464,East,DiabeSafe,Clinic,Q4,64,65293.16,337,13219,101147.23,0.85,0.847,9.46,0.9,584595.56
10465,Central,OncoPlus,Retail Pharmacy,Q3,51,170016.32,254,10783,334053.28,0.71,0.925,12.93,0.58,1055805.14
10466,South,NeuroCalm,Specialty Pharmacy,Q3,50,165504.29,26,2395,135092.54,0.8,0.955,10.47,1.23,455515.1
10467,South,Immunex,Retail Pharmacy,Q1,6,11951.71,64,14731,61604.42,0.96,0.873,17.06,1.12,453745.85
10468,Central,CardioCare,Hospital,Q2,59,86519.81,258,14128,412868.05,0.98,0.744,0.97,0.5,947068.96
10469,North,Immunex,Retail Pharmacy,Q4,15,176107.72,174,7024,158825.72,1.25,0.786,1.91,0.51,679541.78
10470,Central,Respira,Clinic,Q1,30,27530.63,200,12932,394372.15,1.23,0.766,3.13,1.31,393786.95
10471,North,OncoPlus,Retail Pharmacy,Q1,42,103123.4,234,12090,99665.98,0.96,0.755,12.42,0.76,774244.73
10472,Central,Immunex,Specialty Pharmacy,Q4,37,176422.78,107,1573,235831.61,1.31,0.822,11.62,1.14,979436.83
10473,North,DiabeSafe,Clinic,Q1,42,104434.22,275,5684,514612.19,0.65,0.784,16.06,0.95,653332.61
10474,Central,Respira,Hospital,Q2,35,42268.6,92,2902,300971.94,0.78,0.781,13.19,1.36,492367.09
10475,East,Respira,Hospital,Q2,6,108971.15,438,5395,419202.16,1.3,0.735,9.15,1.42,1116273.88
10476,Central,Immunex,Retail Pharmacy,Q3,68,44754.9,198,7831,431423.92,0.89,0.725,17.85,1.5,840493.11
10477,North,Immunex,Retail Pharmacy,Q1,18,98349.72,231,11904,553128.13,1.43,0.749,4.79,0.65,837054.86
10478,East,OncoPlus,Specialty Pharmacy,Q3,73,22587.18,312,12729,231452.13,0.97,0.768,15.0,1.36,1024265.08
10479,Central,CardioCare,Clinic,Q1,29,112932.05,253,9843,456123.25,1.26,0.841,7.68,0.77,720695.41
10480,East,Immunex,Retail Pharmacy,Q2,77,97854.29,258,11137,626201.8,0.91,0.863,11.68,1.09,1036913.72
10481,West,Immunex,Hospital,Q2,59,135827.43,242,2456,482750.87,0.93,0.759,13.09,1.01,1243206.37
10482,West,NeuroCalm,Specialty Pharmacy,Q2,47,117219.08,138,7523,333719.7,0.89,0.839,11.41,0.52,644552.68
10483,South,DiabeSafe,Hospital,Q1,17,103433.07,332,13250,421044.82,1.2,0.816,2.53,1.43,1211861.32
10484,West,NeuroCalm,Specialty Pharmacy,Q2,22,127262.4,283,14562,488603.4,1.04,0.771,7.97,0.58,873169.35
10485,East,NeuroCalm,Retail Pharmacy,Q1,68,34470.13,226,14833,409610.97,1.4,0.722,10.11,1.19,457207.32
10486,Central,Respira,Specialty Pharmacy,Q3,69,111211.14,114,4407,40339.0,0.78,0.851,15.28,1.29,480424.56
10487,North,CardioCare,Hospital,Q1,37,39258.8,392,1307,150759.57,0.64,0.912,7.99,1.3,740423.93
10488,South,DiabeSafe,Retail Pharmacy,Q3,49,167338.78,241,8878,532490.29,0.9,0.783,16.54,0.64,975291.33
10489,Central,OncoPlus,Retail Pharmacy,Q1,13,21616.8,385,14531,199043.4,1.11,0.757,7.93,0.95,950681.99
10490,Central,OncoPlus,Retail Pharmacy,Q3,34,83163.71,295,5327,483568.51,1.32,0.968,9.88,1.33,1037129.39
10491,South,Immunex,Hospital,Q2,53,128285.57,399,14723,260714.53,0.86,0.797,14.33,0.8,1266420.63
10492,West,Immunex,Specialty Pharmacy,Q3,51,87863.78,250,14001,353568.28,1.14,0.783,10.5,0.97,1061141.71
10493,South,OncoPlus,Clinic,Q2,3,25656.19,328,14199,72143.45,0.87,0.96,17.28,0.77,550768.53
10494,North,Immunex,Hospital,Q2,42,104074.43,138,5024,142359.85,1.11,0.949,11.89,0.96,704731.17
10495,East,CardioCare,Hospital,Q3,32,119077.42,287,9999,623462.12,1.35,0.846,9.41,1.39,1172342.54
10496,South,NeuroCalm,Hospital,Q1,51,129644.69,292,2784,581885.59,0.76,0.857,0.42,0.96,935029.36
10497,East,Immunex,Retail Pharmacy,Q1,46,73454.17,83,5813,434410.57,0.91,0.781,7.45,1.06,690490.14
10498,North,Respira,Retail Pharmacy,Q4,21,105822.2,317,14098,314979.65,1.44,0.742,5.39,0.9,728660.7
10499,Central,Immunex,Retail Pharmacy,Q1,44,86616.7,369,13558,448972.0,1.33,0.881,13.47,0.96,1023326.33
10500,Central,DiabeSafe,Hospital,Q4,11,124249.53,432,1257,413538.38,1.06,0.748,3.75,0.52,1086957.32
10501,West,CardioCare,Retail Pharmacy,Q1,68,109204.68,422,12923,382502.4,1.01,0.846,3.69,0.78,965555.85
10502,East,DiabeSafe,Retail Pharmacy,Q1,1,99378.56,30,5387,66689.78,0.81,0.983,3.41,0.94,347236.83
10503,South,DiabeSafe,Retail Pharmacy,Q2,63,52419.14,117,4354,422337.62,1.02,0.987,2.26,1.13,624757.35
10504,West,Respira,Clinic,Q4,24,10343.15,90,12958,506730.43,1.31,0.787,5.6,0.95,377952.01
10505,West,CardioCare,Hospital,Q1,13,39593.88,383,10898,646330.63,1.17,0.895,15.95,0.84,1063278.27
10506,North,CardioCare,Specialty Pharmacy,Q4,11,29901.23,77,4058,36868.7,0.81,0.853,13.95,0.89,341203.68
10507,Central,CardioCare,Retail Pharmacy,Q2,51,86344.41,309,10272,482707.54,0.73,0.965,13.23,0.74,761035.89
10508,West,CardioCare,Retail Pharmacy,Q2,17,114083.89,270,1461,384509.38,0.79,0.796,14.35,1.42,870746.95
10509,Central,CardioCare,Specialty Pharmacy,Q4,24,46224.45,295,4347,299112.35,0.7,0.721,4.85,1.02,780893.53
10510,West,Respira,Specialty Pharmacy,Q2,19,169639.71,69,7226,109093.51,0.64,0.766,15.97,0.51,616903.94
10511,East,Immunex,Clinic,Q3,37,11135.96,377,4075,283632.79,0.93,0.818,2.47,0.52,462081.46
10512,South,DiabeSafe,Hospital,Q3,8,141291.17,235,9567,249713.85,0.65,0.808,6.05,1.47,981719.4
10513,Central,CardioCare,Hospital,Q2,28,116284.81,413,2918,217754.53,0.7,0.942,10.56,0.72,999455.84
10514,Central,Immunex,Specialty Pharmacy,Q3,5,73504.32,435,4698,483145.37,1.04,0.911,1.85,1.31,1125520.7
10515,North,Immunex,Retail Pharmacy,Q1,17,18583.12,71,1501,464449.82,0.7,0.804,13.14,0.56,381475.45
10516,North,DiabeSafe,Hospital,Q4,36,116672.72,290,5744,395192.46,0.61,0.848,6.97,1.42,1023919.96
10517,South,Respira,Hospital,Q1,19,75554.3,103,12076,611972.18,0.84,0.747,14.12,1.37,822245.78
10518,West,OncoPlus,Hospital,Q4,64,169165.41,406,7619,246909.72,0.75,0.971,8.87,1.07,1448149.65
10519,Central,OncoPlus,Clinic,Q2,11,102138.31,312,4566,181157.2,1.01,0.982,3.26,0.51,765765.34
10520,North,Immunex,Hospital,Q1,54,169740.76,145,3345,436660.05,0.64,0.994,13.23,0.76,1125554.88
10521,East,NeuroCalm,Hospital,Q2,45,47482.23,315,10173,153264.72,1.23,0.963,4.54,0.91,572991.31
10522,South,NeuroCalm,Hospital,Q2,47,133373.4,91,11993,225306.51,1.37,0.769,8.83,0.96,696885.45
10523,Central,DiabeSafe,Retail Pharmacy,Q4,12,114932.33,315,9349,169253.51,1.22,0.733,1.36,0.8,772395.04
10524,West,OncoPlus,Hospital,Q4,21,135699.4,255,5816,72875.21,1.03,0.882,11.12,0.53,988244.06
10525,West,Immunex,Retail Pharmacy,Q4,11,46493.54,75,11472,543049.22,1.32,0.976,11.99,1.09,672685.29
10526,East,Respira,Hospital,Q1,5,123049.07,426,922,187815.14,1.18,0.77,6.82,1.02,827085.03
10527,South,OncoPlus,Specialty Pharmacy,Q3,56,94666.87,379,7215,323277.05,0.56,0.722,17.18,0.78,1219025.62
10528,South,Immunex,Hospital,Q4,20,136280.25,414,12373,56855.47,0.9,0.946,15.74,0.54,1041154.69
10529,North,Immunex,Retail Pharmacy,Q4,41,65597.59,129,4766,463590.47,1.32,0.742,12.74,1.49,781927.9
10530,Central,CardioCare,Clinic,Q1,46,161309.69,211,8049,234947.82,0.86,0.836,12.85,0.98,646191.37
10531,West,Respira,Retail Pharmacy,Q4,12,24331.22,411,6816,491736.77,0.58,0.91,4.54,1.26,722582.91
10532,Central,CardioCare,Retail Pharmacy,Q1,70,147222.18,112,3210,285689.9,1.22,0.786,11.82,0.95,602317.41
10533,Central,DiabeSafe,Hospital,Q2,17,156424.34,369,9144,151368.48,1.27,0.744,3.57,0.54,1005125.85
10534,East,CardioCare,Hospital,Q4,19,148932.89,75,11089,348168.55,0.69,0.936,2.59,0.81,1012593.09
10535,West,CardioCare,Specialty Pharmacy,Q4,26,97163.49,79,8569,110912.83,1.03,0.896,17.99,0.82,533000.5
10536,Central,OncoPlus,Clinic,Q2,48,84525.45,157,10667,303134.28,0.72,0.997,11.2,1.34,819525.69
10537,West,NeuroCalm,Specialty Pharmacy,Q2,52,179364.59,58,2157,226729.4,1.2,0.816,7.76,1.15,599660.72
10538,South,Immunex,Retail Pharmacy,Q2,70,48959.23,47,3041,595414.94,0.79,0.737,5.19,0.78,649953.98
10539,South,Respira,Specialty Pharmacy,Q4,55,102968.91,68,7263,67775.81,0.83,0.926,10.87,1.47,593109.76
10540,North,CardioCare,Retail Pharmacy,Q3,75,124014.84,439,3575,460290.8,1.31,0.866,0.89,0.82,959806.88
10541,Central,Respira,Hospital,Q3,33,129147.5,144,3664,143305.72,0.98,0.78,1.7,1.5,621593.32
10542,East,NeuroCalm,Retail Pharmacy,Q3,62,44684.19,32,11658,227807.95,1.15,0.939,0.59,1.5,360863.01
10543,North,NeuroCalm,Clinic,Q4,23,121179.0,55,2553,287618.72,0.91,0.777,8.99,0.69,356977.48
10544,West,CardioCare,Hospital,Q2,15,149122.83,120,8979,592969.36,0.82,0.793,10.81,0.81,1141456.42
10545,East,DiabeSafe,Specialty Pharmacy,Q4,27,18503.16,301,6237,180398.52,1.11,0.746,1.12,0.99,546568.22
10546,South,CardioCare,Hospital,Q2,75,164958.62,105,3717,86611.46,0.69,0.832,12.98,1.16,678389.02
10547,North,OncoPlus,Retail Pharmacy,Q4,64,15015.69,23,12546,227587.55,0.89,0.837,4.15,1.03,386000.68
10548,West,Immunex,Hospital,Q4,51,70515.08,242,1947,94899.1,0.74,0.864,12.33,1.47,722274.14
10549,East,DiabeSafe,Retail Pharmacy,Q2,53,12688.24,357,6509,109729.82,1.18,0.919,17.67,1.22,645843.47
10550,West,CardioCare,Specialty Pharmacy,Q3,78,23114.68,185,1107,385787.37,1.4,0.974,12.44,0.71,648508.34
10551,East,Respira,Retail Pharmacy,Q2,51,164898.61,402,5052,67759.2,1.45,0.759,15.9,0.61,672608.58
10552,Central,DiabeSafe,Specialty Pharmacy,Q1,47,70326.34,363,2264,49177.15,0.96,0.735,17.07,1.19,763583.26
10553,East,DiabeSafe,Specialty Pharmacy,Q1,4,82211.16,402,9917,472936.74,0.78,0.725,8.76,0.66,1015333.7
10554,East,CardioCare,Clinic,Q2,7,46608.54,395,9927,254221.2,0.95,0.76,12.64,1.29,591262.09
10555,Central,DiabeSafe,Hospital,Q4,35,111506.28,297,9721,107732.72,1.31,0.904,15.34,0.81,920955.72
10556,South,Respira,Retail Pharmacy,Q1,48,111116.55,149,3171,187239.92,0.74,0.924,6.42,0.83,553538.81
10557,North,NeuroCalm,Hospital,Q1,73,73274.07,50,7019,428093.63,1.41,0.94,4.71,0.51,503325.8
10558,North,DiabeSafe,Clinic,Q4,72,66615.93,394,4462,200832.67,0.86,0.788,17.04,1.2,765723.64
10559,West,NeuroCalm,Clinic,Q4,45,160443.93,30,13234,336603.1,1.44,0.806,13.07,0.61,524717.45
10560,West,Respira,Retail Pharmacy,Q3,72,75158.32,321,13622,105451.09,1.3,0.855,3.95,1.27,699334.86
10561,West,CardioCare,Clinic,Q4,19,93895.17,115,3677,394618.06,1.28,0.738,8.08,0.99,486818.77
10562,North,Immunex,Retail Pharmacy,Q2,63,58161.81,209,4222,225968.16,0.84,0.891,14.34,1.28,733973.43
10563,North,DiabeSafe,Retail Pharmacy,Q2,38,143750.82,211,5406,418720.43,0.56,0.995,9.85,1.08,985683.29
10564,North,Immunex,Hospital,Q3,67,77566.19,285,14212,531204.83,0.89,0.821,11.7,0.58,1152317.73
10565,South,Respira,Specialty Pharmacy,Q1,59,97313.88,443,7763,409220.78,0.82,0.931,13.57,1.27,1005924.22
10566,East,DiabeSafe,Hospital,Q1,69,53070.72,147,14199,213363.49,0.58,0.86,11.2,0.57,671029.54
10567,South,NeuroCalm,Specialty Pharmacy,Q4,13,177902.13,257,5554,188561.09,1.0,0.756,9.72,0.98,684100.78
10568,South,OncoPlus,Specialty Pharmacy,Q2,47,59554.28,427,10167,233000.99,0.91,0.883,13.49,0.67,1083515.32
10569,Central,Immunex,Specialty Pharmacy,Q1,61,141026.23,374,11588,132064.72,1.12,0.804,13.1,1.25,1080625.82
10570,South,DiabeSafe,Hospital,Q3,31,82674.26,447,1308,142326.55,1.11,0.73,11.34,1.41,976522.65
10571,East,Immunex,Hospital,Q3,80,45056.96,131,9670,520228.48,0.66,0.898,6.48,1.05,874336.5
10572,West,DiabeSafe,Hospital,Q2,22,145952.19,335,11155,268534.2,1.43,0.961,7.3,1.03,1125868.89
10573,South,CardioCare,Retail Pharmacy,Q3,43,66713.15,362,1225,300317.01,0.72,0.817,17.47,1.26,764837.89
10574,West,NeuroCalm,Hospital,Q3,67,157082.87,164,11193,398310.67,0.95,0.829,2.02,0.51,774408.59
10575,Central,Immunex,Clinic,Q2,54,165593.72,84,12054,395585.17,0.99,0.969,4.83,1.42,759755.16
10576,Central,OncoPlus,Retail Pharmacy,Q4,10,156170.05,266,8201,71773.66,1.28,0.948,8.86,0.7,827313.72
10577,North,OncoPlus,Hospital,Q4,42,15951.35,242,1716,545555.29,0.64,0.92,15.06,1.48,1068407.23
10578,Central,Respira,Retail Pharmacy,Q3,64,143853.47,332,4551,139942.46,0.94,0.79,2.95,1.24,639809.2
10579,East,DiabeSafe,Retail Pharmacy,Q4,21,79927.71,125,2697,478304.41,1.12,0.975,4.99,1.27,657172.82
10580,South,Immunex,Retail Pharmacy,Q4,80,158532.9,200,14691,509056.01,0.74,0.763,1.18,1.16,1013138.7
10581,South,Respira,Retail Pharmacy,Q3,76,118452.22,203,3306,473237.71,1.11,0.895,12.71,0.97,626523.89
10582,Central,Immunex,Clinic,Q4,66,151719.33,245,9470,388966.14,1.38,0.728,4.29,1.07,836997.28
10583,East,DiabeSafe,Retail Pharmacy,Q3,41,94903.4,284,1472,39057.58,1.45,0.9,7.0,0.55,567829.51
10584,South,OncoPlus,Clinic,Q1,24,100954.34,297,11502,253432.81,0.58,0.798,7.99,1.12,901509.01
10585,West,CardioCare,Clinic,Q2,35,34545.9,416,6134,405000.45,0.76,0.846,16.04,1.13,644200.11
10586,South,OncoPlus,Hospital,Q2,56,143277.85,108,14204,270219.8,0.83,0.817,7.4,1.39,1134934.79
10587,North,Respira,Clinic,Q4,30,81296.23,195,7983,565357.53,0.91,0.768,2.61,1.01,585662.53
10588,North,NeuroCalm,Hospital,Q4,57,95013.62,37,2623,221457.41,0.77,0.894,9.44,0.58,422625.47
10589,North,CardioCare,Specialty Pharmacy,Q4,47,143466.61,390,9290,211991.57,0.73,0.967,17.33,0.81,1101683.9
10590,North,Respira,Retail Pharmacy,Q2,35,111803.72,443,12033,194918.57,1.41,0.989,10.94,1.16,808614.61
10591,North,DiabeSafe,Clinic,Q1,19,44186.78,420,724,236324.14,1.38,0.774,17.7,0.74,609766.08
10592,West,CardioCare,Clinic,Q1,8,110339.55,418,14341,375591.08,0.59,0.921,15.14,0.78,917378.65
10593,North,Respira,Specialty Pharmacy,Q2,26,79297.59,125,14948,468349.48,0.85,0.906,0.65,1.32,782890.13
10594,South,DiabeSafe,Specialty Pharmacy,Q1,71,89819.34,290,9532,440792.11,0.91,0.816,11.85,1.08,1042843.58
10595,Central,OncoPlus,Hospital,Q2,30,14812.92,338,2314,530785.05,0.77,0.725,5.16,1.01,1082042.73
10596,East,NeuroCalm,Hospital,Q1,7,45704.99,186,13501,579266.68,1.12,0.913,10.07,0.82,725708.31
10597,West,DiabeSafe,Retail Pharmacy,Q3,67,57776.47,32,1606,535969.01,1.13,0.985,5.03,1.23,511785.15
10598,North,Immunex,Hospital,Q3,65,131203.2,356,624,41746.15,1.32,0.897,6.28,0.79,805419.78
10599,North,DiabeSafe,Specialty Pharmacy,Q2,36,11953.72,51,3746,486269.13,1.22,0.842,16.62,1.24,609290.79
10600,North,DiabeSafe,Retail Pharmacy,Q1,25,79492.13,412,13880,159207.74,1.04,0.867,3.72,0.57,844612.4
10601,North,NeuroCalm,Clinic,Q4,37,167084.57,59,3431,112415.39,1.14,0.776,15.73,1.36,391788.16
10602,South,Immunex,Retail Pharmacy,Q1,1,29019.7,167,14067,425863.05,0.8,0.93,0.55,1.0,751489.67
10603,North,Respira,Specialty Pharmacy,Q3,15,97792.15,237,14538,228240.78,1.08,0.929,1.64,0.94,706894.58
10604,North,Respira,Hospital,Q3,37,143708.81,238,12817,65412.64,0.99,0.761,15.38,1.11,687999.64
10605,North,DiabeSafe,Clinic,Q1,13,170230.32,101,3471,115330.44,0.67,0.966,11.35,1.12,600672.3
10606,East,Immunex,Clinic,Q1,8,136952.03,352,2517,30576.24,0.77,0.795,13.45,0.63,610634.56
10607,North,Immunex,Retail Pharmacy,Q4,5,132496.14,227,7915,589998.65,0.81,0.995,3.77,1.26,1045625.24
10608,South,NeuroCalm,Retail Pharmacy,Q4,60,150502.98,220,2915,45263.15,1.38,0.827,9.67,0.78,421663.49
10609,East,OncoPlus,Specialty Pharmacy,Q1,73,85854.21,351,13282,159862.58,0.76,0.77,13.27,1.4,1215798.12
10610,West,Respira,Hospital,Q1,1,146993.57,447,3596,288082.92,0.81,0.818,11.29,1.32,989742.4
10611,North,NeuroCalm,Retail Pharmacy,Q1,36,11353.95,57,2109,251074.22,0.88,0.843,8.49,0.85,273537.41
10612,West,CardioCare,Retail Pharmacy,Q1,35,167175.38,230,1217,595270.04,1.15,0.739,17.28,1.31,986945.24
10613,West,Respira,Hospital,Q2,66,85362.11,346,4061,54979.15,0.66,0.882,12.17,0.86,738303.69
10614,North,NeuroCalm,Retail Pharmacy,Q1,63,104074.63,268,9708,347573.12,1.41,0.887,16.34,0.6,628887.16
10615,Central,Respira,Hospital,Q4,23,53329.98,246,12257,451897.27,1.33,0.927,13.14,1.46,760208.23
10616,Central,OncoPlus,Hospital,Q3,9,136230.24,67,14125,607652.74,1.07,0.728,13.24,1.15,1326697.61
10617,North,CardioCare,Hospital,Q2,34,23028.09,37,13393,414630.18,1.16,0.872,1.44,0.96,647664.31
10618,South,OncoPlus,Clinic,Q1,46,158348.09,419,13162,528328.25,0.56,0.735,6.47,0.9,1154245.24
10619,West,CardioCare,Retail Pharmacy,Q3,78,150779.86,314,7282,81909.46,0.86,0.916,15.45,0.82,732154.15
10620,West,DiabeSafe,Clinic,Q2,4,46730.22,215,10652,269282.5,1.27,0.736,4.19,1.48,589159.44
10621,North,NeuroCalm,Retail Pharmacy,Q3,30,147585.15,206,1548,261847.22,0.62,0.975,2.08,0.63,540244.45
10622,North,CardioCare,Hospital,Q1,75,143680.81,364,10049,579498.69,0.8,0.917,5.87,0.81,1264634.68
10623,South,OncoPlus,Retail Pharmacy,Q1,72,117476.82,243,12118,123850.13,1.08,0.862,3.97,0.99,881432.74
10624,East,Respira,Retail Pharmacy,Q4,3,73498.43,337,8807,124169.43,0.78,0.844,16.66,0.98,556939.28
10625,East,CardioCare,Hospital,Q1,14,56154.79,416,10787,233706.05,1.39,0.757,15.62,0.97,944749.01
10626,South,NeuroCalm,Retail Pharmacy,Q1,60,49403.21,384,8405,63768.95,0.67,0.801,8.99,0.68,489393.2
10627,East,CardioCare,Hospital,Q2,77,64163.52,356,10493,143123.99,1.27,0.963,1.1,0.64,801284.87
10628,West,Immunex,Retail Pharmacy,Q4,45,163604.94,248,10838,628429.98,1.01,0.973,12.86,0.75,1172108.45
10629,North,Respira,Retail Pharmacy,Q2,34,23198.93,409,6078,295474.04,1.23,0.72,11.22,1.41,494052.2
10630,South,NeuroCalm,Hospital,Q3,45,150908.12,96,14334,421851.91,0.83,0.886,17.47,0.61,834982.75
10631,West,NeuroCalm,Hospital,Q1,61,69311.31,207,2120,480188.98,1.01,0.921,10.06,1.26,766651.08
10632,Central,DiabeSafe,Specialty Pharmacy,Q3,16,98671.9,365,7048,257516.07,1.32,0.893,6.06,1.26,916946.07
10633,East,OncoPlus,Retail Pharmacy,Q2,66,145062.56,289,7881,121280.79,0.97,0.743,9.34,1.31,1022316.43
10634,East,DiabeSafe,Hospital,Q1,40,160344.01,114,5280,158080.23,0.87,0.781,17.63,1.39,812129.24
10635,North,NeuroCalm,Clinic,Q1,17,68612.84,329,11642,224225.22,1.03,0.79,12.53,0.76,456018.69
10636,South,Respira,Hospital,Q2,34,88513.39,151,4292,424362.42,1.2,0.953,12.1,0.72,648953.75
10637,East,CardioCare,Specialty Pharmacy,Q2,16,80467.73,58,14259,276933.94,0.95,0.85,4.33,0.97,689891.94
10638,South,CardioCare,Clinic,Q2,60,12252.68,91,3441,34225.11,1.39,0.856,13.38,0.77,123087.89
10639,South,Respira,Hospital,Q2,66,60310.29,300,6195,354512.45,0.82,0.982,13.5,1.23,915146.93
10640,South,NeuroCalm,Hospital,Q2,66,88062.17,352,6901,601338.3,0.98,0.898,5.71,1.14,937908.09
10641,North,CardioCare,Hospital,Q1,13,79885.91,179,14956,533488.12,1.23,0.972,8.71,1.37,1031114.17
10642,South,CardioCare,Hospital,Q2,56,132727.97,206,13597,541631.05,1.17,0.848,5.3,0.58,1110637.18
10643,North,CardioCare,Hospital,Q1,31,75416.61,210,9669,522935.97,1.33,0.762,4.66,1.42,958849.17
10644,South,OncoPlus,Specialty Pharmacy,Q1,34,93194.0,441,6697,230713.11,1.45,0.98,0.47,0.79,1116500.02
10645,North,OncoPlus,Hospital,Q2,39,83033.46,139,11758,504420.18,0.93,0.848,5.13,0.99,1187260.45
10646,Central,Immunex,Retail Pharmacy,Q2,67,135906.45,239,5950,118760.04,0.65,0.771,9.97,0.94,727926.71
10647,East,DiabeSafe,Clinic,Q4,8,156705.31,72,9475,437784.01,0.58,0.805,0.03,1.26,631100.61
10648,West,Respira,Specialty Pharmacy,Q1,78,100421.14,241,8932,427772.51,1.2,0.734,5.1,0.92,853632.48
10649,West,Respira,Retail Pharmacy,Q2,55,144203.47,431,6374,45853.28,1.34,0.851,15.87,1.44,759590.84
10650,East,Respira,Hospital,Q2,27,60453.74,150,2053,518541.48,0.75,0.959,10.69,1.4,803294.83
